id,name_primary,name_alt1,name_alt2,name_alt3,group,clan,country,river_area,district_resort,lat,lng,coord_confidence,status,status_detail,notes,source,mz_clinic
1,Agoodé,Boniville (old),,,Aluku,,French Guiana,Lawa River,Papaïchton commune,3.530,-54.040,medium,active,,Traditional Aluku village; once called Boniville; near Papaïchton; capital before Papaïchton,Wikipedia (Aluku),no
2,Assissi,,,,Aluku,,French Guiana,Lawa River,Papaïchton commune,3.480,-54.060,medium,active,,Traditional Aluku village; one of the original Lawa River settlements,Wikipedia (Aluku),no
3,Ingi Pule Chton,,,,Aluku,,French Guiana,Lawa River / Beïman creek,Maripasoula commune,3.550,-54.030,low,active,,Settlement near historical Dikan lo (Ndyuka) area; contemporary Aluku settlement,French Guiana Maroons report,no
4,Kormontibo,,,,Aluku,,French Guiana,Lawa River,Papaïchton commune,3.500,-54.050,medium,active,,Traditional Aluku village; one of the villages founded after 1841 settlement on Lawa River,Wikipedia (Aluku),no
5,Loca,Loka,,,Aluku,,French Guiana,Lawa River,Papaïchton commune,3.520,-54.055,medium,active,,Hamlet in commune of Papaïchton; traditional Aluku settlement,Wikipedia (Papaichton),no
6,Nouveau Wakapou,,,,Aluku,,French Guiana,Lawa River,Papaïchton commune,3.540,-54.045,medium,active,,Traditional Aluku village near Papaïchton,Wikipedia (Aluku),no
7,Papaichton,Papaïchton,Pompidouville,Boniville,Aluku,,French Guiana,Lawa River,Papaïchton commune,3.809529,-54.150319,high,active,,Capital/granman seat of Aluku; commune seat; founded 1895; previously called Boniville; renamed Pompidouville 1971. Cottica Mountain nearby; GPS verified by Google Earth,Wikipedia (Papaichton),no
8,Pobiansi,,,,Aluku,,French Guiana,Lawa River,Papaïchton commune,3.470,-54.070,medium,active,,One of earliest Aluku villages on Lawa River after 1841 settlement,Wikipedia (Aluku),no
9,Puumofu,,,,Aluku,,French Guiana,Lawa River,Papaïchton commune,3.460,-54.080,medium,active,,One of earliest Aluku villages on Lawa River,Wikipedia (Aluku),no
10,Tabiki,,,,Aluku,,French Guiana,Lawa River,Papaïchton commune,3.510,-54.048,medium,active,,Traditional Aluku village near Papaïchton,Wikipedia (Aluku),no
11,Cottica Lawa,Cotticadorp,Cottica,,Aluku / Ndyuka,,Suriname,Marowijne River border,Tapanahony,3.852908,-54.227476,high,active,,Village on Marowijne/Lawa border; Aluku history; resettled 1902; only Aluku village in Suriname. Clinic and school present; airstrip: Cottica (irregular charter); GPS verified by Google Earth,Wikipedia (Cottica),yes
12,Apatou,,,,Aluku / Ndyuka / mixed,,French Guiana,Maroni River (lower),Apatou commune,5.150962,-54.341335,high,active,,"Founded 1882 as Moutendé; renamed after Captain Apatou; mixed Aluku, Paramaka, Ndyuka, Saramaka; road opened 2010; GPS verified by Google Earth",Wikipedia (Apatou),no
13,Anapaïké,Lawa (old name),,,Aluku / Wayana,,French Guiana,Upper Lawa / Maroni headwaters,Maripasoula commune,3.300,-53.950,low,active,,Upper Lawa village; historically first called 'Cottica' then 'Lawa' by Wayana; now Anapaïké,French journal (ethnoecologie),no
14,Maripasoula,,,,Aluku / Wayana,,French Guiana,Lawa / Maroni River,Maripasoula commune,3.642495,-54.034582,high,active,,Largest commune in France by area; administrative hub; airport; mainly Aluku and Wayana; GPS verified by Google Earth,Wikipedia (Maripasoula),no
15,Galibi,,,,Kalina (Indigenous),,Suriname,Marowijne estuary,Marowijne,5.70714,-54.01466,high,active,,[NON-MAROON — Indigenous settlement included for geographic context] Kalina (Indigenous) village; GPS verified by Google Earth,Google Earth KML — kwierenga,no
16,Kaimanston,Kaaimanston,,,Kwinti,,Suriname,Coppename River,Boven Coppename,5.140,-56.090,medium,active,,Kwinti village; Boven Coppename resort; sister village to Witagron; Planbureau Table 3.4 2013,Planbureau Suriname Table 3.4 Sipaliwini 2013,no
17,Witagron,Bitagron,,,Kwinti,,Suriname,Coppename River,Boven Coppename,5.163,-56.074,high,active,,Kwinti village on Coppename River; formerly Bitagron (renamed post-Interior War); residence of the Kwinti granman (head captain — Kwinti have no granman rank); at crossing of Southern East-West Link to Apoera; name means 'Land of my forefathers' in Sranan Tongo; MZ health centre; Kaaimanston is the sister Kwinti village nearby,Wikipedia (Witagron/Bitagron),yes
18,Asoenoebo,,,,Matawai,,Suriname,Saramacca River (upper),Boven Saramacca,4.305,-56.395,low,active,,Matawai village; ~1nm from Pakka-Pakka; listed in Wikipedia nearby village data,Wikipedia (Pakkapakka) — via nearby village list,no
19,Baling,,,,Matawai,,Suriname,Saramacca River (upper),Boven Saramacca,,,low,active,,Matawai village; Boven Saramacca resort; Planbureau 2013,Planbureau Suriname Table 3.4 Sipaliwini 2013,no
20,Bethel (Matawai),Bethel,,,Matawai,,Suriname,Saramacca River (upper),Boven Saramacca,,,low,active,,Matawai village; Boven Saramacca resort; church: RK (Roman Catholic); Planbureau Table 3.4 Sipaliwini 2013 — distinct from Bethel (Paramaka) in Pamacca resort,Planbureau Suriname Table 3.4 Sipaliwini 2013,no
21,Bilawatra,,,,Matawai,,Suriname,Saramacca River (upper),Boven Saramacca,,,low,active,,Matawai village; Boven Saramacca resort; Planbureau 2013; church: RK,Planbureau Suriname Table 3.4 Sipaliwini 2013,no
22,Boslanti (Matawai),Boslanti,,,Matawai,,Suriname,Saramacca River (upper),Boven Saramacca,,,low,active,,Matawai village; Boven Saramacca resort; school: EBGS Boslanti; electricity; church: EBG; Planbureau 2013 — distinct from Saramaka Boslanti (Brokopondo reservoir area),Planbureau Suriname Table 3.4 Sipaliwini 2013,no
23,Commisariskondre,,,,Matawai,,Suriname,Saramacca River (lower),Kwakoegron,5.205,-55.905,low,active,,Matawai village; captain of Kwakoegron resort resides here; Planbureau 2013 confirms 1 kapitein,Planbureau Suriname Table 3 Brokopondo 2013,no
24,Ebbatop,,,,Matawai,,Suriname,Saramacca River (upper),Boven Saramacca,4.36,-56.360,medium,active,,Matawai village; ecotourism promoted alongside Nieuw Jacobkondre and Poesoegroenoe; mentioned in Matawai people Wikipedia article,Wikipedia (Matawai people),no
25,Kwakoegron,Kwakoe,,,Matawai,,Suriname,Saramacca River (lower),Kwakoegron,5.2,-55.900,high,active,,Matawai village and resort; population 263 (2012); captain of resort resides in Commissariskondre; has school clinic and holiday resort; connected to Southern East-West Link by paved side road; Lawa Railway passed through 1910–1987; Brinckheuvel Nature Reserve nearby; 19th-century main Matawai settlement; MZ poli confirmed; patient base ~260; 1 GZA; 1 assistants; pharmacy,Wikipedia (Kwakoegron),yes
26,Kwattahede,,,,Matawai,,Suriname,Saramacca River (upper),Boven Saramacca,,,low,active,,Matawai village; Boven Saramacca resort; Planbureau 2013; church: EBG,Planbureau Suriname Table 3.4 Sipaliwini 2013,no
27,Makajapingo,,,,Matawai,,Suriname,Saramacca River (upper),Boven Saramacca,4.32,-56.380,low,active,,Matawai village; Catholic (unlike most Matawai which are Moravian); no school or clinic; has church; ~3.2nm from Stonkoe and Tabrikiekondre,Wikipedia (Makajapingo),no
28,Misalibi,,,,Matawai,,Suriname,Saramacca River (upper),Boven Saramacca,,,low,active,,Matawai village; Boven Saramacca resort; Planbureau 2013,Planbureau Suriname Table 3.4 Sipaliwini 2013,no
29,Moetoetoetabriki,,,,Matawai,,Suriname,Saramacca River (upper),Boven Saramacca,4.29,-56.410,low,active,,Matawai village; ~7nm from Pakka-Pakka and Makajapingo; listed in Wikipedia nearby village data,Wikipedia (Makajapingo) — via nearby village list,no
30,Nieuw Jacobkondre,Njoeng Jacob Kondre,,,Matawai,,Suriname,Saramacca River (upper),Boven Saramacca,4.35,-56.370,high,active,,Main administrative village of Boven Saramacca resort; road access to Southern East-West Link; Njoeng Jacob Kondre Airstrip; gold mining and logging; ecotourism promoted,Wikipedia (Boven Saramacca),yes
31,Padua,,,,Matawai,,Suriname,Saramacca River (upper),Boven Saramacca,,,low,active,,Matawai village; Boven Saramacca resort; Planbureau 2013; electricity; church: RK,Planbureau Suriname Table 3.4 Sipaliwini 2013,no
32,Pakka-Pakka,Pakkapakka,Pakkapakka 1 / 2,,Matawai,,Suriname,Saramacca River (upper),Boven Saramacca,4.3,-56.400,medium,active,,Matawai village; founded 1860s; originally housed both Matawai and Kwinti; no school or clinic but has church; school existed 1924; two sides: right bank (Pakkapakka 1) and left bank (Pakkapakka 2),Wikipedia (Pakkapakka),no
33,Pijeti,,,,Matawai,,Suriname,Saramacca River (upper),Boven Saramacca,,,low,active,,Matawai village; Boven Saramacca resort; Planbureau 2013; electricity,Planbureau Suriname Table 3.4 Sipaliwini 2013,no
34,Piniel,,,,Matawai,,Suriname,Saramacca River (upper),Boven Saramacca,,,low,active,,Matawai village; Boven Saramacca resort; Planbureau 2013,Planbureau Suriname Table 3.4 Sipaliwini 2013,no
35,Poesoegroenoe,Pusugrunu,Psugrunu,Poesoegoenoe,Matawai,,Suriname,Saramacca River (upper),Boven Saramacca,4.39,-56.340,high,active,,Residence of Matawai granman; medical post; airstrip (Poesoegroenoe Airstrip); road opened 2017 connecting to Atjoni; immune from malaria per PAHO; ecotourism promoted here,Wikipedia (Poesoegroenoe),yes
36,Stonkoe,,,,Matawai,,Suriname,Saramacca River (upper),Boven Saramacca,4.31,-56.390,low,active,,Matawai village near Pakka-Pakka (~6.3nm); listed as nearby village in Pakka-Pakka article,Wikipedia (Pakkapakka) — via nearby village list,no
37,Sukibaka,,,,Matawai,,Suriname,Saramacca River (upper),Boven Saramacca,,,low,active,,Matawai village; Boven Saramacca resort; Planbureau 2013,Planbureau Suriname Table 3.4 Sipaliwini 2013,no
38,Tabrikiekondre,,,,Matawai,,Suriname,Saramacca River (upper),Boven Saramacca,4.315,-56.385,low,active,,Matawai village; ~3.2nm from Makajapingo; listed in Makajapingo nearby village data,Wikipedia (Makajapingo) — via nearby village list,no
39,Tevreden,,,,Matawai,,Suriname,Saramacca River (upper),Boven Saramacca,,,low,active,,Matawai village; Boven Saramacca resort; Planbureau 2013,Planbureau Suriname Table 3.4 Sipaliwini 2013,no
40,Vertrouwen,,,,Matawai,,Suriname,Saramacca River (upper),Boven Saramacca,,,low,active,,Matawai village; Boven Saramacca resort; Planbureau 2013,Planbureau Suriname Table 3.4 Sipaliwini 2013,no
41,Warnakomoponafaja,,,,Matawai,,Suriname,Saramacca River (upper),Boven Saramacca,4.318,-56.383,low,active,,Matawai village; ~2nm from Makajapingo; listed in Makajapingo nearby village data,Wikipedia (Makajapingo) — via nearby village list,no
42,Heidoti,,,,Matawai / Kwinti,,Suriname,Saramacca River (upper),Boven Saramacca,4.28,-56.420,low,active,,Matawai/Kwinti village; ~15.6nm from Pakka-Pakka; also listed in Joshua Project Kwinti data as a Kwinti village,Wikipedia (Pakkapakka) / Joshua Project,no
43,Abadukondre,,,,Ndyuka,,Suriname,Cottica River,Marowijne — Moengo,,,low,active,,Ndyuka village; Marowijne District; Moengo resort; Planbureau 2013,Planbureau Suriname Table 4 Marowijne 2013,no
44,Abenekondre,,,,Ndyuka,,Suriname,Patamacca Creek / Marowijne,Marowijne — Patamacca,,,low,active,,Ndyuka village; Marowijne District; Patamacca resort; Planbureau 2013,Planbureau Suriname Table 4 Marowijne 2013,no
45,Abeso Kampu,,,,Ndyuka,,Suriname,Patamacca Creek / Marowijne,Marowijne — Patamacca,,,low,active,,Ndyuka village; Marowijne District; Patamacca resort; Planbureau 2013; electricity: PART,Planbureau Suriname Table 4 Marowijne 2013,no
46,Abetwakondre,,,,Ndyuka,,Suriname,Tapanahoni River,Tapanahony,,,low,active,,Ndyuka village; Tapanahony resort; Planbureau 2013,Planbureau Suriname Table 3.1 Sipaliwini 2013,no
47,Acote,,,,Ndyuka,,Suriname,Tapanahoni River,Tapanahony,,,low,active,,Ndyuka village; Tapanahony resort; Planbureau 2013,Planbureau Suriname Table 3.1 Sipaliwini 2013,no
48,Adjuma kondre,,,,Ndyuka,,Suriname,Cottica River,Marowijne — Moengo Tapoe,,,low,active,,Ndyuka village; Marowijne District; Moengo Tapoe resort; Planbureau 2013,Planbureau Suriname Table 4 Marowijne 2013,no
49,Agaigoni,,,,Ndyuka,,Suriname,Tapanahoni River,Tapanahony,5.050,-55.020,medium,active,,Ndyuka village; same as or adjacent to Malobi (Planbureau Table 3.1 lists as Malobi/Agaigoni); Tapanahony resort; school: OS Malobi; electricity; church: Methodist; MZ clinic list also confirms Agaigoni,Wikipedia (Medische Zending) — MZ map,yes
50,Ageni-Dolin Kampu,,,,Ndyuka,,Suriname,Patamacca Creek / Marowijne,Marowijne — Patamacca,,,low,active,,Ndyuka village; Marowijne District; Patamacca resort; Planbureau 2013,Planbureau Suriname Table 4 Marowijne 2013,no
51,Ajokajokampu,,,,Ndyuka,,Suriname,Tapanahoni River,Tapanahony,,,low,active,,Ndyuka village; Tapanahony resort; Planbureau 2013,Planbureau Suriname Table 3.1 Sipaliwini 2013,no
52,Akalekondre,,,,Ndyuka,,Suriname,Cottica River,Marowijne — Moengo,,,low,active,,Ndyuka village; Marowijne District; Moengo resort; Planbureau 2013,Planbureau Suriname Table 4 Marowijne 2013,no
53,Akoloikondre,,,,Ndyuka,,Suriname,Marowijne River,Marowijne — Albina,,,low,active,,Ndyuka village; Marowijne District; Albina resort; Planbureau 2013,Planbureau Suriname Table 4 Marowijne 2013,no
54,Akujutukondre,,,,Ndyuka,,Suriname,Cottica River,Marowijne — Moengo,,,low,active,,Ndyuka village; Marowijne District; Moengo resort; Planbureau 2013,Planbureau Suriname Table 4 Marowijne 2013,no
55,Aneewakondre,,,,Ndyuka,,Suriname,Tapanahoni River,Tapanahony,,,low,active,,Ndyuka village; Tapanahony resort; Planbureau 2013,Planbureau Suriname Table 3.1 Sipaliwini 2013,no
56,Apoema,,,,Ndyuka,,Suriname,Cottica River area / Marowijne,Marowijne / Wanhatti,5.350,-54.500,medium,active,,Ndyuka village with MZ health post on Cottica or lower Marowijne river system; no individual Wikipedia article; MZ list confirms active clinic,Wikipedia (Medische Zending) — MZ map,yes
57,Apukakondre,,,,Ndyuka,,Suriname,Tapanahoni River,Tapanahony,,,low,active,,Ndyuka village; Tapanahony resort; Planbureau 2013,Planbureau Suriname Table 3.1 Sipaliwini 2013,no
58,Apumatapu,,,,Ndyuka,,Suriname,Tapanahoni River,Tapanahony,,,low,active,,Ndyuka village; Tapanahony resort; Planbureau 2013; health post: HP,Planbureau Suriname Table 3.1 Sipaliwini 2013,yes
59,Asidonkondre,,,,Ndyuka,,Suriname,Tapanahoni River,Tapanahony,,,low,active,,Ndyuka village; Tapanahony resort; Planbureau 2013,Planbureau Suriname Table 3.1 Sipaliwini 2013,no
60,Asognekondre,,,,Ndyuka,,Suriname,Marowijne River,Marowijne,4.217935,-54.545434,high,active,,Ndyuka village; GPS verified by Google Earth,Google Earth KML — kwierenga,no
61,Atipakondre,,,,Ndyuka,,Suriname,Tapanahoni River,Tapanahony,,,low,active,,Ndyuka village; Tapanahony resort; Planbureau 2013,Planbureau Suriname Table 3.1 Sipaliwini 2013,no
62,Bamboesi,,,,Ndyuka,,Suriname,Marowijne River coast,Marowijne,5.535943,-54.03166,high,active,,Ndyuka village; GPS verified by Google Earth,Google Earth KML — kwierenga,no
63,Bastionkondre,,,,Ndyuka,,Suriname,Patamacca Creek / Marowijne,Marowijne — Patamacca,,,low,active,,Ndyuka village; Marowijne District; Patamacca resort; Planbureau 2013,Planbureau Suriname Table 4 Marowijne 2013,no
64,Benanu,,,,Ndyuka,,Suriname,Tapanahoni River,Tapanahony,,,low,active,,Ndyuka village; Tapanahony resort; Planbureau 2013,Planbureau Suriname Table 3.1 Sipaliwini 2013,no
65,Benatti moffo,,,,Ndyuka,,Suriname,Cottica River,Marowijne — Moengo,,,low,active,,Ndyuka village; Marowijne District; Moengo resort; Planbureau 2013,Planbureau Suriname Table 4 Marowijne 2013,no
66,Benzdorp,,,,Ndyuka,,Suriname,Tapanahoni River,Tapanahony,3.67719,-54.087897,high,active,,Ndyuka village; Tapanahony resort; Planbureau 2013; airstrip: Benzdorp (regular scheduled); GPS verified by Google Earth,Planbureau Suriname Table 3.1 Sipaliwini 2013,no
67,Biakronie,,,,Ndyuka,,Suriname,Tapanahoni River,Tapanahony,,,low,active,,Ndyuka village; Tapanahony resort; Planbureau 2013,Planbureau Suriname Table 3.1 Sipaliwini 2013,no
68,Bigi Ston,,,,Ndyuka,,Suriname,Marowijne River,Marowijne — Albina,,,low,active,,Ndyuka village; Marowijne District; Albina resort; Planbureau 2013; health post: HP; school: Bigi Ston (OS); electricity: DEV,Planbureau Suriname Table 4 Marowijne 2013,yes
69,Compagniekreek,,,,Ndyuka,,Suriname,Cottica / Commewijne river system,Baling Soela,5.3,-54.700,low,active,,Ndyuka village in Baling Soela resort; Planbureau 2013,Planbureau Suriname Table 3 Brokopondo 2013,no
70,Dablasiekondre,,,,Ndyuka,,Suriname,Tapanahoni River,Tapanahony,,,low,active,,Ndyuka village; Tapanahony resort; Planbureau 2013,Planbureau Suriname Table 3.1 Sipaliwini 2013,no
71,Daguhede,,,,Ndyuka,,Suriname,Tapanahoni River,Tapanahony,,,low,active,,Ndyuka village; Tapanahony resort; Planbureau 2013,Planbureau Suriname Table 3.1 Sipaliwini 2013,no
72,Dakonde,,,,Ndyuka,,Suriname,Tapanahoni River,Tapanahony,,,low,active,,Ndyuka village; Tapanahony resort; Planbureau 2013,Planbureau Suriname Table 3.1 Sipaliwini 2013,no
73,Dan Tapu,,,,Ndyuka,,Suriname,Patamacca Creek / Marowijne,Marowijne — Patamacca,,,low,active,,Ndyuka village; Marowijne District; Patamacca resort; Planbureau 2013; electricity: DEV*,Planbureau Suriname Table 4 Marowijne 2013,no
74,Diitabiki,Drietabbetje,Dritabiki,Drijtabiki,Ndyuka,,Suriname,Tapanahoni River,Tapanahony,4.125925,-54.626822,high,active,,Residence of the Ndyuka granman since 1950; location of the oracle; airstrip: Drietabbetje (regular scheduled); GPS verified by Google Earth,Wikipedia / Wikimili,yes
75,Fisiti,,,,Ndyuka,,Suriname,Tapanahoni River,Tapanahony,3.76,-55.280,medium,active,,Village on upper Tapanahoni; mentioned in oral history re. Paanza rice ancestor,Maroon Women rice article,no
76,Futupasi,,,,Ndyuka,,Suriname,Tapanahoni River,Tapanahony,3.84,-55.300,medium,active,,Railway crossing for Granholo waterfalls; ferry service point,Wikipedia (Dritabiki article),no
77,Gaanboli,,,,Ndyuka,,Suriname,Tapanahoni River,Tapanahony,3.75,-55.400,medium,active,,Boundary point of Ndyuka territory on Tapanahoni,French Guiana Maroons report,no
78,Godo Ole,,,,Ndyuka,,Suriname,Tapanahoni River,Tapanahony,4.060486,-54.786795,high,active,,Ndyuka village; GPS verified by Google Earth,Google Earth KML — kwierenga,no
79,Godoholo,Godo Holo,,,Ndyuka,,Suriname,Tapanahoni River,Tapanahony,,,low,active,,Ndyuka village; Tapanahony resort; Planbureau 2013; health post: HP; school: EBGS Godoholo; electricity; church: JG/EBGS,Planbureau Suriname Table 3.1 Sipaliwini 2013,yes
80,Gostu,,,,Ndyuka,,Suriname,Tapanahoni River,Tapanahony,,,low,active,,Ndyuka village; Tapanahony resort; Planbureau 2013; church: JG,Planbureau Suriname Table 3.1 Sipaliwini 2013,no
81,Granbori,,,,Ndyuka,,Suriname,Tapanahoni River,Tapanahony,,,low,active,,Ndyuka village; Tapanahony resort; Planbureau 2013,Planbureau Suriname Table 3.1 Sipaliwini 2013,no
82,Gransanti,,,,Ndyuka,,Suriname,Tapanahoni River,Tapanahony,,,low,active,,Ndyuka village; Tapanahony resort; Planbureau 2013,Planbureau Suriname Table 3.1 Sipaliwini 2013,no
83,Jawsa,,,,Ndyuka,,Suriname,Tapanahoni River,Tapanahony,,,low,active,,Ndyuka village; Tapanahony resort; Planbureau 2013; electricity,Planbureau Suriname Table 3.1 Sipaliwini 2013,no
84,Kaminatabiki,,,,Ndyuka,,Suriname,Tapanahoni River,Tapanahony,,,low,active,,Ndyuka village; Tapanahony resort; Planbureau 2013,Planbureau Suriname Table 3.1 Sipaliwini 2013,no
85,Kasaba olo,,,,Ndyuka,,Suriname,Patamacca Creek / Marowijne,Marowijne — Patamacca,,,low,active,,Ndyuka village; Marowijne District; Patamacca resort; Planbureau 2013,Planbureau Suriname Table 4 Marowijne 2013,no
86,Kisai,,,,Ndyuka,,Suriname,Tapanahoni River,Tapanahony,,,low,active,,Ndyuka village; Tapanahony resort; Planbureau 2013; electricity,Planbureau Suriname Table 3.1 Sipaliwini 2013,no
87,Klementi,,,,Ndyuka,,Suriname,Tapanahoni River,Tapanahony,,,low,active,,Ndyuka village; Tapanahony resort; Planbureau 2013,Planbureau Suriname Table 3.1 Sipaliwini 2013,no
88,Kofi Kamiza,,,,Ndyuka,,Suriname,Marowijne / Lawa River,Marowijne,4.182932,-54.385317,high,active,,Ndyuka village; GPS verified by Google Earth,Google Earth KML — kwierenga,no
89,Kofikamisa,,,,Ndyuka,,Suriname,Tapanahoni River,Tapanahony,,,low,active,,Ndyuka village; Tapanahony resort; Planbureau 2013,Planbureau Suriname Table 3.1 Sipaliwini 2013,no
90,Koinakondre,,,,Ndyuka,,Suriname,Suriname River / Sarakreek area,Marchallkreek,5.1,-55.050,low,active,,Ndyuka village in Marchallkreek resort; 1 kapitein; Planbureau 2013,Planbureau Suriname Table 3 Brokopondo 2013,no
91,Konikaikondre,,,,Ndyuka,,Suriname,Marowijne River,Marowijne — Albina,,,low,active,,Ndyuka village; Marowijne District; Albina resort; Planbureau 2013; electricity: EBS; water: SWM,Planbureau Suriname Table 4 Marowijne 2013,no
92,Krabu olo,,,,Ndyuka,,Suriname,Cottica River,Marowijne — Moengo,,,low,active,,Ndyuka village; Marowijne District; Moengo resort; Planbureau 2013,Planbureau Suriname Table 4 Marowijne 2013,no
93,Langa oekoe 1,,,,Ndyuka,,Suriname,Cottica River,Marowijne — Moengo,,,low,active,,"Ndyuka village; Marowijne District; Moengo resort; Planbureau 2013; NOTE: Langa oekoe = ""Long Creek"" in Sranan Tongo; Planbureau lists two settlements; likely opposite banks of same creek; anthropologist Köbben (1960s) based at Langa Uku upstream of Pikin Santi",Planbureau Suriname Table 4 Marowijne 2013,no
94,Langa oekoe 2,,,,Ndyuka,,Suriname,Cottica River,Marowijne — Moengo,,,low,active,,"Ndyuka village; Marowijne District; Moengo resort; Planbureau 2013; NOTE: Langa oekoe = ""Long Creek"" in Sranan Tongo; Planbureau lists two settlements; likely opposite banks of same creek; anthropologist Köbben (1960s) based at Langa Uku upstream of Pikin Santi",Planbureau Suriname Table 4 Marowijne 2013,no
95,Lanti we,Lantiwei,,,Ndyuka,,Suriname,Cottica River,Marowijne — Wanhatti,,,low,active,,Ndyuka village; Marowijne District; Wanhatti resort; Planbureau 2013; electricity: DEV*; confirmed as Lantiwei (Wikipedia) — Ndyuka village on Cottica River; opposite Pinatjaimi; founded Pinatjaimi from here,Planbureau Suriname Table 4 Marowijne 2013,no
96,Lemkibontabiki,,,,Ndyuka,,Suriname,Patamacca Creek / Marowijne,Marowijne — Patamacca,,,low,active,,Ndyuka village; Marowijne District; Patamacca resort; Planbureau 2013,Planbureau Suriname Table 4 Marowijne 2013,no
97,Loabi,,,,Ndyuka,,Suriname,Tapanahoni River,Tapanahony,,,low,active,,Ndyuka village; Tapanahony resort; Planbureau 2013,Planbureau Suriname Table 3.1 Sipaliwini 2013,no
98,Lobotu,,,,Ndyuka,,Suriname,Tapanahoni River,Tapanahony,,,low,active,,Ndyuka village; Tapanahony resort; Planbureau 2013,Planbureau Suriname Table 3.1 Sipaliwini 2013,no
99,Mainsi,,,,Ndyuka,,Suriname,Tapanahoni River,Tapanahony,3.89,-55.180,medium,active,,Village close to Diitabiki,Wikipedia (Dritabiki article),no
100,Malobi,Agaigoni,,,Ndyuka,,Suriname,Tapanahoni River,Tapanahony,4.158046,-55.426167,high,active,,Ndyuka village; Tapanahony resort; Planbureau 2013; GPS verified by Google Earth,Planbureau Suriname Table 3.1 Sipaliwini 2013,no
101,Malokokondre,,,,Ndyuka,,Suriname,Marowijne River,Marowijne — Albina,,,low,active,,Ndyuka village; Marowijne District; Albina resort; Planbureau 2013; electricity: DEV*,Planbureau Suriname Table 4 Marowijne 2013,no
102,Manjabonkondre,,,,Ndyuka,,Suriname,Marowijne River,Marowijne — Albina,,,low,active,,Ndyuka village; Marowijne District; Albina resort; Planbureau 2013,Planbureau Suriname Table 4 Marowijne 2013,no
103,Marchallkreek,,,,Ndyuka,,Suriname,Marchallkreek tributary,Marchallkreek,5.08,-55.070,medium,active,,Ndyuka main village of Marchallkreek resort; 1 kapitein 7 basjas; Planbureau 2013; named after Captain Marshall who settled Suriname 1630; MZ poli confirmed; patient base ~195; 1 GZA; pharmacy,Planbureau Suriname Table 3 Brokopondo 2013,yes
104,Maria kondre,,,,Ndyuka,,Suriname,Patamacca Creek / Marowijne,Marowijne — Patamacca,,,low,active,,Ndyuka village; Marowijne District; Patamacca resort; Planbureau 2013,Planbureau Suriname Table 4 Marowijne 2013,no
105,Me de nanga Lanti,,,,Ndyuka,,Suriname,Patamacca Creek / Marowijne,Marowijne — Patamacca,,,low,active,,Ndyuka village; Marowijne District; Patamacca resort; Planbureau 2013,Planbureau Suriname Table 4 Marowijne 2013,no
106,Moitaki,Moitaki,,,Ndyuka,,Suriname,Tapanahoni River,Tapanahony,4.127435,-54.650269,high,active,,Ndyuka village near Gran Olo rapids; birthplace of gaanman Gazon Matodya; home of Misidyan lo (matrilinear clan); between Yawsa (upstream) and Puketi (downstream); electricity project underway; GPS verified by Google Earth,Wikipedia (Moitaki),no
107,Mongoskin,,,,Ndyuka,,Suriname,Tapanahoni River,Tapanahony,,,low,active,,Ndyuka village; Tapanahony resort; Planbureau 2013,Planbureau Suriname Table 3.1 Sipaliwini 2013,no
108,Mopi kondre,,,,Ndyuka,,Suriname,Patamacca Creek / Marowijne,Marowijne — Patamacca,,,low,active,,Ndyuka village; Marowijne District; Patamacca resort; Planbureau 2013; health post: HP; school: Mopikondre (OS),Planbureau Suriname Table 4 Marowijne 2013,yes
109,Mpusu,,,,Ndyuka,,Suriname,Tapanahoni River,Tapanahony,,,low,active,,Ndyuka village; Tapanahony resort; Planbureau 2013,Planbureau Suriname Table 3.1 Sipaliwini 2013,no
110,Niki,,,,Ndyuka,,Suriname,Tapanahoni River,Tapanahony,,,low,active,,Ndyuka village; Tapanahony resort; Planbureau 2013,Planbureau Suriname Table 3.1 Sipaliwini 2013,no
111,Njun Fri,,,,Ndyuka,,Suriname,Tapanahoni River,Tapanahony,,,low,active,,Ndyuka village; Tapanahony resort; Planbureau 2013,Planbureau Suriname Table 3.1 Sipaliwini 2013,no
112,Ofia olo,,,,Ndyuka,,Suriname,Patamacca Creek / Marowijne,Marowijne — Patamacca,,,low,active,,Ndyuka village; Marowijne District; Patamacca resort; Planbureau 2013; electricity: DEV,Planbureau Suriname Table 4 Marowijne 2013,no
113,Pai kampu,ApaiKampu,,,Ndyuka,,Suriname,Patamacca Creek / Marowijne,Marowijne — Patamacca,,,low,active,,Ndyuka village; Marowijne District; Patamacca resort; Planbureau 2013,Planbureau Suriname Table 4 Marowijne 2013,no
114,Pakirakondre,,,,Ndyuka,,Suriname,Patamacca Creek / Marowijne,Marowijne — Patamacca,,,low,active,,Ndyuka village; Marowijne District; Patamacca resort; Planbureau 2013; health post: HP; school: Pakirakondre (OS); electricity: DEV; water: DWV,Planbureau Suriname Table 4 Marowijne 2013,yes
115,Pakosi Kampu,,,,Ndyuka,,Suriname,Patamacca Creek / Marowijne,Marowijne — Patamacca,,,low,active,,Ndyuka village; Marowijne District; Patamacca resort; Planbureau 2013,Planbureau Suriname Table 4 Marowijne 2013,no
116,Patamacca,,,,Ndyuka,,Suriname,Patamacca Creek / Marowijne,Marowijne — Patamacca,,,low,active,,Ndyuka village; Marowijne District; Patamacca resort; Planbureau 2013; school: Patamacca (OS); electricity: MIJ; water: MIJ,Planbureau Suriname Table 4 Marowijne 2013,no
117,Pelgrimkondre,,,,Ndyuka,,Suriname,Cottica River,Marowijne — Moengo,,,low,active,,Ndyuka village; Marowijne District; Moengo resort; Planbureau 2013; health post: HP; school: Leonard Leitzel (Wesleyaan),Planbureau Suriname Table 4 Marowijne 2013,yes
118,Piere kondre,,,,Ndyuka,,Suriname,Marowijne River,Marowijne — Albina,,,low,active,,Ndyuka village; Marowijne District; Albina resort; Planbureau 2013,Planbureau Suriname Table 4 Marowijne 2013,no
119,Pikien Saniki,,,,Ndyuka,,Suriname,Tapanahoni River,Tapanahony,,,low,active,,Ndyuka village; Tapanahony resort; Planbureau 2013,Planbureau Suriname Table 3.1 Sipaliwini 2013,no
120,Pikien Santi,Pikin Santi,,,Ndyuka,,Suriname,Cottica River,Marowijne — Moengo,5.785,-54.371,high,active,,Ndyuka village on Cottica River; Wanhatti resort; inhabited by Pinasi and Piika lo; settled early 19th century; attacked by Suriname National Army during Interior War; most residents fled to FG or Paramaribo; children bused to school at Tamarin; Wikipedia confirms distinct from Pikien Saniki (Tapanahony),Wikipedia (Pikin Santi) — GPS: 5.785°N 54.371°W,no
121,Pikien kondre,,,,Ndyuka,,Suriname,Tapanahoni River,Tapanahony,,,low,active,,Ndyuka village; Tapanahony resort; Planbureau 2013,Planbureau Suriname Table 3.1 Sipaliwini 2013,no
122,Pikienkondre,,,,Ndyuka,,Suriname,Tapanahoni River,Tapanahony,4.115104,-54.676016,high,active,,Ndyuka village; GPS verified by Google Earth,Google Earth KML — kwierenga,no
123,Pina tjari mi,Pinatjaimi,Pinatyaimi,,Ndyuka,,Suriname,Cottica River,Marowijne — Wanhatti,,,low,active,,"Ndyuka village; Marowijne District; Wanhatti resort; Planbureau 2013; school: Dependance (RKBO); electricity: DEV; confirmed as Pinatjaimi/Pinatyaimi (Wikipedia) — Ndyuka village on Cottica River; name means ""poverty brought me here"" in Ndyuka; opposite village is Lantiwei",Planbureau Suriname Table 4 Marowijne 2013,no
124,Pipakondre,,,,Ndyuka,,Suriname,Tapanahoni River,Tapanahony,,,low,active,,Ndyuka village; Tapanahony resort; Planbureau 2013; church: GB/VE,Planbureau Suriname Table 3.1 Sipaliwini 2013,no
125,Poeloegoedoe,Poeloegoeoe,,,Ndyuka,,Suriname,Tapanahoni / Lawa confluence,Tapanahony,4.08,-54.980,high,active,,Ndyuka village near confluence of Tapanahoni and Lawa rivers; strategic position; historically garrisoned by escaped slaves to guard against Aluku attacks; no school or clinic; named after the Poeloegoedoe Falls,Wikipedia (Poeloegoedoe),no
126,Poitekondre,,,,Ndyuka,,Suriname,Patamacca Creek / Marowijne,Marowijne — Patamacca,,,low,active,,Ndyuka village; Marowijne District; Patamacca resort; Planbureau 2013,Planbureau Suriname Table 4 Marowijne 2013,no
127,Poketi,,,,Ndyuka,,Suriname,Tapanahoni River,Tapanahony,,,low,active,,Ndyuka village; Tapanahony resort; Planbureau 2013; electricity; church: Meth; airstrip: Poketie (irregular charter),Planbureau Suriname Table 3.1 Sipaliwini 2013,no
128,Powi,,,,Ndyuka,,Suriname,Tapanahoni River,Tapanahony,,,low,active,,Ndyuka village; Tapanahony resort; Planbureau 2013,Planbureau Suriname Table 3.1 Sipaliwini 2013,no
129,Prodo kaba,,,,Ndyuka,,Suriname,Tapanahoni River,Tapanahony,,,low,active,,Ndyuka village; Tapanahony resort; Planbureau 2013; electricity,Planbureau Suriname Table 3.1 Sipaliwini 2013,no
130,Puketi,,,,Ndyuka,,Suriname,Tapanahoni River,Tapanahony,3.82,-55.310,medium,active,,Former hydroelectric power plant; ferry destination from Futupasi,Wikipedia (Dritabiki article),no
131,Pulugudu,,,,Ndyuka,,Suriname,Tapanahoni River,Tapanahony,,,low,active,,Ndyuka village; Tapanahony resort; Planbureau 2013,Planbureau Suriname Table 3.1 Sipaliwini 2013,no
132,Rama,,,,Ndyuka,,Suriname,Suriname River / Sarakreek area,Marchallkreek,5.09,-55.060,low,active,,Ndyuka village in Marchallkreek resort; 1 kapitein; Planbureau 2013,Planbureau Suriname Table 3 Brokopondo 2013,no
133,Ricanau mofo,,,,Ndyuka,,Suriname,Cottica River,Marowijne — Moengo Tapoe,,,low,active,,Ndyuka village; Marowijne District; Moengo Tapoe resort; Planbureau 2013; health post: HP; Mapcarta confirms 7km north of Moengo on Cottica River,Planbureau Suriname Table 4 Marowijne 2013,yes
134,Saint-Jean-du-Maroni,Saint-Jean,,,Ndyuka,,French Guiana,Maroni River (lower),Saint-Laurent-du-Maroni commune,5.40556,-54.07778,high,active,,Village mainly inhabited by Ndyuka Maroons; on Maroni River near Saint-Laurent-du-Maroni,Grok / Wikipedia,no
135,Saje,,,,Ndyuka,,Suriname,Tapanahoni River,Tapanahony,,,low,active,,Ndyuka village; Tapanahony resort; Planbureau 2013,Planbureau Suriname Table 3.1 Sipaliwini 2013,no
136,Saliga Kampu,,,,Ndyuka,,Suriname,Patamacca Creek / Marowijne,Marowijne — Patamacca,,,low,active,,Ndyuka village; Marowijne District; Patamacca resort; Planbureau 2013,Planbureau Suriname Table 4 Marowijne 2013,no
137,Salinkondre,,,,Ndyuka,,Suriname,Tapanahoni River,Tapanahony,,,low,active,,Ndyuka village; Tapanahony resort; Planbureau 2013,Planbureau Suriname Table 3.1 Sipaliwini 2013,no
138,Sanbendumi,,,,Ndyuka,,Suriname,Tapanahoni River,Tapanahony,,,low,active,,Ndyuka village; Tapanahony resort; Planbureau 2013,Planbureau Suriname Table 3.1 Sipaliwini 2013,no
139,Sangamasusa,Sangamangsoesa,,,Ndyuka,,Suriname,Tapanahoni River,Tapanahony,,,low,active,,Ndyuka village; Tapanahony resort; Planbureau 2013,Planbureau Suriname Table 3.1 Sipaliwini 2013,no
140,Sannakampu,,,,Ndyuka,,Suriname,Tapanahoni River,Tapanahony,,,low,active,,Ndyuka village; Tapanahony resort; Planbureau 2013,Planbureau Suriname Table 3.1 Sipaliwini 2013,no
141,Saye,,,,Ndyuka,,Suriname,Tapanahoni River,Tapanahony,4.189228,-54.581912,high,active,,Ndyuka village; GPS verified by Google Earth,Google Earth KML — kwierenga,no
142,Sikisani,,,,Ndyuka,,Suriname,Marowijne / Lawa River,Marowijne,4.341854,-54.386099,high,active,,Ndyuka village; GPS verified by Google Earth,Google Earth KML — kwierenga,no
143,Sooke Kampu,,,,Ndyuka,,Suriname,Patamacca Creek / Marowijne,Marowijne — Patamacca,,,low,active,,Ndyuka village; Marowijne District; Patamacca resort; Planbureau 2013,Planbureau Suriname Table 4 Marowijne 2013,no
144,Tabiki hede,,,,Ndyuka,,Suriname,Tapanahoni River,Tapanahony,,,low,active,,Ndyuka village; Tapanahony resort; Planbureau 2013; electricity,Planbureau Suriname Table 3.1 Sipaliwini 2013,no
145,Tamarin,,,,Ndyuka,,Suriname,Cottica River,Marowijne — Wanhatti,,,low,active,,Ndyuka village; Marowijne District; Wanhatti resort; Planbureau 2013; school: Wanati (EBGS); electricity: DEV; water: DWV,Planbureau Suriname Table 4 Marowijne 2013,no
146,Tapontekampu,,,,Ndyuka,,Suriname,Tapanahoni River,Tapanahony,,,low,active,,Ndyuka village; Tapanahony resort; Planbureau 2013,Planbureau Suriname Table 3.1 Sipaliwini 2013,no
147,Telegi Kampu,,,,Ndyuka,,Suriname,Patamacca Creek / Marowijne,Marowijne — Patamacca,,,low,active,,Ndyuka village; Marowijne District; Patamacca resort; Planbureau 2013,Planbureau Suriname Table 4 Marowijne 2013,no
148,Tjon-tjon,,,,Ndyuka,,Suriname,Tapanahoni River,Tapanahony,,,low,active,,Ndyuka village; Tapanahony resort; Planbureau 2013; health post: HP,Planbureau Suriname Table 3.1 Sipaliwini 2013,yes
149,Tjubuka Pang,,,,Ndyuka,,Suriname,Marowijne / Lawa River,Marowijne,4.230514,-54.391396,high,active,,Ndyuka village; GPS verified by Google Earth,Google Earth KML — kwierenga,no
150,Tukopi,,,,Ndyuka,,Suriname,Cottica River,Marowijne — Moengo Tapoe,,,low,active,,Ndyuka village; Marowijne District; Moengo Tapoe resort; Planbureau 2013,Planbureau Suriname Table 4 Marowijne 2013,no
151,Vandaki,,,,Ndyuka,,Suriname,Tapanahoni River,Tapanahony,,,low,active,,Ndyuka village; Tapanahony resort; Planbureau 2013,Planbureau Suriname Table 3.1 Sipaliwini 2013,no
152,Visiti,,,,Ndyuka,,Suriname,Tapanahoni River,Tapanahony,,,low,active,,Ndyuka village; Tapanahony resort; Planbureau 2013,Planbureau Suriname Table 3.1 Sipaliwini 2013,no
153,Wanfinga,,,,Ndyuka,,Suriname,Tapanahoni River,Tapanahony,,,low,active,,Ndyuka village; Tapanahony resort; Planbureau 2013,Planbureau Suriname Table 3.1 Sipaliwini 2013,no
154,Wanhatti,,,,Ndyuka,,Suriname,Cottica River,Marowijne — Wanhatti,,,low,active,,Matawai village; Boven Saramacca resort; Planbureau 2013; NOTE: Ndyuka resort in Marowijne District — distinct from any Matawai Wanhatti,Planbureau Suriname Table 3.4 Sipaliwini 2013,no
155,Yawsa,,,,Ndyuka,,Suriname,Tapanahoni River,Tapanahony,3.88,-55.220,medium,active,,Ndyuka village on Tapanahoni upstream of Moitaki and Gran Olo rapids,Wikipedia (Moitaki),no
156,Grand-Santi,Grand Santi,,,Ndyuka / Aluku / mixed,,French Guiana,Maroni River,Grand-Santi commune,4.274247,-54.381747,high,active,,Commune; formed from scission of Papaïchton 1993; largely Ndyuka and mixed bushinengue; GPS verified by Google Earth,Wikipedia / Cultural Survival,no
157,Balingsoela,,,,Ndyuka / Paramaka,,Suriname,Marowijne / Lawa River,Pamacca / Tapanahony border,4.200,-54.600,medium,active,,Eastern Maroon village (likely Ndyuka or Paramaka) with MZ health post on Marowijne river system; no individual Wikipedia article; confirmed by MZ clinic list; MZ poli confirmed; patient base ~835; 1 GZA; 1 assistants,Wikipedia (Medische Zending) — MZ map,yes
158,Phedra,,,,Ndyuka / Paramaka,,Suriname,Marowijne / Lawa River area,Pamacca / Marowijne,4.100,-54.650,medium,active,,Eastern Maroon village (Ndyuka or Paramaka) with MZ health post; no individual Wikipedia article; confirmed by MZ clinic list; MZ poli confirmed; patient base ~105; pharmacy,Wikipedia (Medische Zending) — MZ map,yes
159,Stoelmanseiland,Stoelie,,,Ndyuka / Paramaka,,Suriname,Marowijne River (confluence Tapanahoni-Lawa),Pamacca,4.352817,-54.4206,high,active,,Island village at Tapanahoni-Lawa confluence; Jungle Commando HQ 1986-92; hospital (Johannes King); airstrip: Stoelmanseiland (regular scheduled); Wikipedia confirms village in Paramacca resort; non-tribal administrative hub at confluence of Tapanahony and Lawa rivers; Jungle Commando HQ during Interior War; Johannes King Hospital (MZ); named after Philip Samuel Stoelman 1791; GPS verified by Google Earth,Wikipedia (Stoelmanseiland),yes
160,Victoria,,,,Ndyuka / Saramaka,,Suriname,Suriname River reservoir area,Victoria,5.02,-55.100,low,active,,Interior village with GLO school (OS) 11 teachers 134 pupils; Victoria resort Brokopondo District; Planbureau 2013; MZ clinic confirmed in MZ list; MZ poli confirmed; patient base ~471; 1 GZA,Planbureau Suriname Table 4 Brokopondo 2013 / MZ list,yes
161,Albina,,,,Ndyuka / mixed,,Suriname,Marowijne River coast,Marowijne,5.501309,-54.06108,high,active,,Ndyuka / mixed village; GPS verified by Google Earth,Google Earth KML — kwierenga,no
162,Abetredjuka,,,,Paramaka,,Suriname,Marowijne / Lawa River,Pamacca,,,low,active,,Paramaka village; Pamacca resort; Planbureau 2013,Planbureau Suriname Table 3.2 Sipaliwini 2013,no
163,Akati,,,,Paramaka,,Suriname,Marowijne / Lawa River,Pamacca,,,low,active,,Paramaka village; Pamacca resort; Planbureau 2013,Planbureau Suriname Table 3.2 Sipaliwini 2013,no
164,Atemsa,,,,Paramaka,,Suriname,Marowijne / Lawa River,Pamacca,,,low,active,,Paramaka village; Pamacca resort; Planbureau 2013; electricity,Planbureau Suriname Table 3.2 Sipaliwini 2013,no
165,Babel,,,,Paramaka,,Suriname,Marowijne / Lawa River,Pamacca,5.039411,-54.445404,high,active,,Paramaka village; GPS verified by Google Earth,Google Earth KML — kwierenga,no
166,Bandatabiki,,,,Paramaka,,Suriname,Marowijne / Lawa River,Pamacca,,,low,active,,Paramaka village; Pamacca resort; Planbureau 2013,Planbureau Suriname Table 3.2 Sipaliwini 2013,no
167,Bethel,,,,Paramaka,,Suriname,Marowijne / Lawa River,Pamacca,,,low,active,,Paramaka village; Pamacca resort; Planbureau 2013; church: VE,Planbureau Suriname Table 3.2 Sipaliwini 2013,no
168,Bonidoro,,,,Paramaka,,Suriname,Marowijne / Lawa River,Pamacca,,,low,active,,Paramaka village; Pamacca resort; Planbureau 2013,Planbureau Suriname Table 3.2 Sipaliwini 2013,no
169,Dutabikimofo,,,,Paramaka,,Suriname,Marowijne / Lawa River,Pamacca,,,low,active,,Paramaka village; Pamacca resort; Planbureau 2013,Planbureau Suriname Table 3.2 Sipaliwini 2013,no
170,Gaacaba,,,,Paramaka,,Suriname,Marowijne / Lawa River,Pamacca,4.455168,-54.441543,high,active,,Paramaka village; GPS verified by Google Earth,Google Earth KML — kwierenga,no
171,Gakaba,,,,Paramaka,,Suriname,Marowijne River,Paramacca,4.39,-54.420,medium,active,,Has school; one of 13 Paramaka resort villages; airstrip: Gakaba (regular scheduled),Wikipedia (Pamacca),yes
172,Langatabiki,Langatabbetje,Long Island,,Paramaka,,Suriname,Marowijne River,Paramacca,4.991311,-54.441541,high,active,,Granman residence of Paramaka; founded 1879; airstrip; solar power since 2016; clinic; school; GPS verified by Google Earth,Wikipedia (Langatabiki),yes
173,Lokaloka,Loka,,,Paramaka,,Suriname,Marowijne River,Paramacca,4.43,-54.370,high,active,,Island village on Marowijne; ~200 residents; last village of Paramaka upstream; no clinic; dependent on Nason,Wikipedia (Lokaloka),no
174,Manlobi,,,,Paramaka,,Suriname,Marowijne / Lawa River,Pamacca,4.257222,-54.520171,high,active,,Village near Nason on Marowijne/Lawa river system; GPS verified by Google Earth,Google Earth KML — kwierenga,no
175,Nason,,,,Paramaka,,Suriname,Marowijne River,Paramacca,4.857828,-54.477309,high,active,,Has clinic; school; serves as service hub for nearby Paramaka villages including Lokaloka; GPS verified by Google Earth,Wikipedia (Pamacca) / Lokaloka article,yes
176,Pakiratabiki,,,,Paramaka,,Suriname,Marowijne / Lawa River,Pamacca,,,low,active,,Paramaka village; Pamacca resort; Planbureau 2013,Planbureau Suriname Table 3.2 Sipaliwini 2013,no
177,Pikientabiki,,,,Paramaka,,Suriname,Marowijne / Lawa River,Pamacca,,,low,active,,Paramaka village; Pamacca resort; Planbureau 2013,Planbureau Suriname Table 3.2 Sipaliwini 2013,no
178,Providence,,,,Paramaka,,French Guiana,Maroni River (FG side),Apatou commune,4.1,-54.350,medium,active,,Single Paramaka village in French Guiana; on west bank of Maroni,Wikipedia (Paramaccan),no
179,Sebedoe Kondre,,,,Paramaka,,Suriname,Marowijne River,Pamacca,5.15,-54.30,low,active,,Paramaka village near Marowijne; coordinates approximate,Vetted CSV review 2026,no
180,Skintabiki,,,,Paramaka,,Suriname,Marowijne / Lawa River,Pamacca,,,low,active,,Paramaka village; Pamacca resort; Planbureau 2013; electricity,Planbureau Suriname Table 3.2 Sipaliwini 2013,no
181,Snesiekondre,,,,Paramaka,,Suriname,Marowijne River,Paramacca,4.35,-54.490,medium,active,,Administrative centre of Paramacca resort; road end village,Wikipedia (Pamacca),no
182,Abenas Konu,,,,Saramaka,Dombi,Suriname,Upper Suriname River,,,,low,active,,"Saramaka Dombi clan village, Upper Suriname River.",Les Premiers Temps map p.37 (Price),unknown
183,Abenaston,,,,Saramaka,,Suriname,Upper Suriname River,Boven Suriname,4.450841,-55.353377,high,active,,Saramaka village on Upper Suriname River; GPS verified by Google Earth,Google Earth KML — kwierenga,no
184,Adawai,,,,Saramaka,,Suriname,Upper Suriname River,Boven Suriname,4.51,-55.690,medium,active,,Village on Upper Suriname River; Malroseekondre listed nearby,Wikipedia (Upper Suriname River),no
185,Akisamau,,,,Saramaka,,Suriname,Gran Rio,,4.060,-55.580,low,active,,Saramaka village on Gran Rio. | VSG coord estimate: Price map p.37 Gran Rio,Les Premiers Temps map p.37 (Price),unknown
186,Akysaokonde,Akwaukondre,,,Saramaka,,Suriname,Gran Rio,,,,low,active,,Saramaka village on Gran Rio. Likely = Akwaukondre (alt name for Gran Slee area).,Les Premiers Temps map p.37 (Price),unknown
187,Asidonhopo,Asidenhopo,,,Saramaka,,Suriname,Pikin Rio (Upper Suriname tributary),Boven Suriname,3.76,-56.120,high,active,,Current residence of the Saramaka paramount chief (gaanman); on Pikin Rio shortly before confluence with Gran Rio to form Upper Suriname River; gaanman Belfon Aboikoni died June 2014 here,Wikipedia (Asidonhopo) / Mapcarta,no
188,Atjoni,,,,Saramaka,,Suriname,Upper Suriname River,Boven Suriname,4.83,-55.460,high,active,,Jetty of Atjoni near Pokigron; departure point for river transport,Wikipedia (Upper Suriname River),no
189,Aurora,,,,Saramaka,,Suriname,Upper Suriname River,Boven Suriname,4.375094,-55.4014,high,active,,Largest village of the Saramaka Maroons; accessible by boat from Pokigron or Laduani Airstrip; health centre located in adjacent village Laduani; GPS verified by Google Earth,Wikipedia (Aurora Suriname),no
190,Awaradam,,,,Saramaka,,Suriname,Upper Suriname River,Boven Suriname,4.15,-55.980,medium,active,,Village on Upper Suriname; Sentiadam upstream,Wikipedia (Upper Suriname River),no
191,Bakaabooto,Bakaaboto,,,Saramaka,,Suriname,Upper Suriname River (near reservoir),Boven Suriname,4.86,-55.470,medium,active,,Village near Brokopondo Reservoir; road access junction,Wikipedia (Upper Suriname River),no
192,Begoon,,,,Saramaka,,Suriname,Upper Suriname River (Gran Rio),Boven Suriname,3.72,-56.140,medium,active,,Village in Gran Rio / Pikin Rio area; Ligorio and Moitori listed nearby,Wikipedia (Upper Suriname River),no
193,Bekiokondre,,,,Saramaka,,Suriname,Upper Suriname River,,4.730,-55.522,low,active,,Position estimated from VSG map and Wikipedia village sequence,VSG map / Rainforest Warriors (Price 2011) — coordinate estimated,unknown
194,Bendekonde,Bendikwai,Bendikondre,,Saramaka,,Suriname,Pikin Rio (Upper Suriname tributary),Boven Suriname,3.86,-56.140,medium,active,,Village along Pikin Rio; Paanza rice ancestor shrine; annual harvest ceremony,Rice article / Wikipedia,no
195,Bendikwai,Bendikwei,,,Saramaka,,Suriname,Upper Suriname River,,,,low,active,,"Saramaka village, Upper Suriname River. Also cited in WaterCharity project.",Les Premiers Temps map p.37 (Price),unknown
196,Bendiwata,,,,Saramaka,,Suriname,Upper Suriname River,Boven Suriname,3.95,-56.060,medium,active,,Village on Upper Suriname list; Kuututen listed nearby,Wikipedia (Upper Suriname River),no
197,Bierhoedoematoe,,,,Saramaka,,Suriname,Lower Suriname River / reservoir,Brownsweg,5.018,-55.175,low,active,,Saramaka village near Brownsweg; 4 basjas; Planbureau 2013,Planbureau Suriname Table 3 Brokopondo 2013,no
198,Bofokule,,,,Saramaka,,Suriname,Gran Rio,,4.020,-55.990,low,active,,Named after rapids; Price map p.37 Gran Rio near Pingpe,VSG map / Rainforest Warriors (Price 2011) — coordinate estimated,unknown
199,Bonka,,,,Saramaka,,Suriname,Upper Suriname River,,,,low,active,,"Saramaka village, Upper Suriname River.",Les Premiers Temps map p.37 (Price),unknown
200,Botopasi,Boto-Pasi,,,Saramaka,,Suriname,Upper Suriname River,Boven Suriname,4.220936,-55.443365,high,active,,Saramaka village ~3.5km south of Pikin Slee; ~740 people (2001); school clinic church; served by Botopasi Airstrip alongside Djumu Goddo and Pikin Slee; airstrip also serves Goddo; GPS verified by Google Earth,Wikipedia (Pikin Slee / Mapcarta),yes
201,Bundytapa,,,,Saramaka,,Suriname,Gran Rio (Langu area),,3.960,-56.080,low,active,,Saramaka village in Langu/Gran Rio area. | VSG coord estimate: Price map p.37 Langu area inset; near Begoon/Langu,Les Premiers Temps map p.37 (Price),unknown
202,Da Bo,Dabo,,,Saramaka,,Suriname,Gran Rio (Langu area),,3.998,-56.062,low,active,,Saramaka village in Langu/Gran Rio area. | VSG coord estimate: Price map p.37 Langu area inset; = Dabo,Les Premiers Temps map p.37 (Price),unknown
203,Dahome,,,,Saramaka,,Suriname,Upper Suriname River,Boven Suriname,4.64,-55.590,low,active,,Village / rapid name on Upper Suriname,Wikipedia (Upper Suriname River),no
204,Dahomey,Dahome,,,Saramaka,,Suriname,Gran Rio,Boven Suriname,4.050647,-55.442370,high,active,,Saramaka village on Gran Rio; named after or near Dahome rapids; GPS verified by Google Earth,Google Earth KML — kwierenga,no
205,Dan,,,,Saramaka,,Suriname,Upper Suriname River,,4.310,-55.830,medium,active,,Named in Price p.37 map; travel accounts confirm village of Dan on Upper Suriname,VSG map / Rainforest Warriors (Price 2011) — coordinate estimated,unknown
206,Dang,,,,Saramaka,,Suriname,Gran Rio / Upper Suriname River,Boven Suriname,4.193784,-55.431652,high,active,,Saramaka village on Gran Rio between Kambaloa and Malobi; GPS verified by Google Earth,Google Earth KML — kwierenga,no
207,Dangogo,,,,Saramaka,,Suriname,Upper Suriname River,Boven Suriname,3.87,-56.100,medium,active,,Two villages (Dangogo 1 & 2) on Upper Suriname list; gran slee area,Wikipedia (Upper Suriname River),no
208,Danpaati,Dan,,,Saramaka,,Suriname,Upper Suriname River,Boven Suriname,4.23,-55.900,medium,active,,Village pair (Dan & Danpaati) on Upper Suriname; road access from Afobaka Road junction,Wikipedia (Upper Suriname River),no
209,Danta Bai,,,,Saramaka,,Suriname,Upper Suriname River (near reservoir),Boven Suriname,4.85,-55.480,medium,active,,Village near Brokopondo Reservoir accessible from Afobaka Road,Wikipedia (Upper Suriname River),no
210,Debike,Debikè,,,Saramaka,,Suriname,Upper Suriname River,Boven Suriname,4.2,-55.960,medium,active,,Medical post; village on Upper Suriname,Wikipedia (Upper Suriname River),no
211,Djankakondre,,,,Saramaka,,Suriname,Lower Suriname River / reservoir,Brownsweg,5.022,-55.168,low,active,,Saramaka village near Brownsweg; 4 basjas; Planbureau 2013,Planbureau Suriname Table 3 Brokopondo 2013,no
212,Djemongo,Nazaleti,,,Saramaka,,Suriname,Upper Suriname River,Boven Suriname,4.37,-55.760,medium,active,,Village pair on Upper Suriname list,Wikipedia (Upper Suriname River),no
213,Djumu,Djoemoe,,,Saramaka,,Suriname,Gran Rio / Upper Suriname source,Boven Suriname,4.009547,-55.470898,high,active,,Near Goddo; airstrip (Djoemoe Airstrip); source area of Upper Suriname; GPS verified by Google Earth,Wikipedia (Upper Suriname River),yes
214,Futuna,,,,Saramaka,Dombi,Suriname,Upper Suriname River,,,,low,active,,"Saramaka Dombi clan village, Upper Suriname River.",Les Premiers Temps map p.37 (Price),unknown
215,Gaaketa,Gaakete,,,Saramaka,,Suriname,Upper Suriname River,,,,low,active,,"Saramaka village, Upper Suriname River.",Les Premiers Temps map p.37 (Price),unknown
216,Ganze,Ganzee,,,Saramaka,,Suriname,Lower Suriname River / reservoir,Brownsweg,5.02,-55.170,low,active,,Saramaka village near Brownsweg; 3 basjas; ancestral village of Alida Dors (dancer/choreographer); original Ganzee submerged under Brokopondo Reservoir 1964; this is likely the post-dam settlement; Planbureau 2013,Planbureau Suriname Table 3 Brokopondo 2013,no
217,Gingeston,,,,Saramaka,,Suriname,Upper Suriname River,Boven Suriname,4.477761,-55.359158,high,active,,Saramaka village on Upper Suriname River between Pokigron and Jaw Jaw; GPS verified by Google Earth,Google Earth KML — kwierenga,no
218,Gingiston,,,,Saramaka,,Suriname,Upper Suriname River,Boven Suriname,4.46,-55.700,medium,active,,"Village group area (Gingiston, Pambo Oko, Biudumatu) on Upper Suriname",Wikipedia (Upper Suriname River),no
219,Goddo,Godo,,,Saramaka,,Suriname,Upper Suriname River (confluence Gran Rio/Pikin Rio),Boven Suriname,4.028284,-55.466058,high,active,,Village at source of Upper Suriname River; confluence of Gran Rio and Pikin Rio; Tapawatrasula rapids nearby; GPS verified by Google Earth,Wikipedia (Upper Suriname River),no
220,Godowista,,,,Saramaka,,Suriname,Gran Rio (Langu area),,4.008,-56.060,low,active,,Saramaka village in Langu/Gran Rio area. | VSG coord estimate: Price map p.37 Langu area inset,Les Premiers Temps map p.37 (Price),unknown
221,Goejaba,,,,Saramaka,,Suriname,Upper Suriname River,Boven Suriname,4.313288,-55.411595,high,active,,Saramaka village 8km northeast of Pikin Slee; named in MZ ENT report alongside Soekoenale Jaw Jaw Pokigron Duatra as villages served by Ladoani clinic; GPS verified by Google Earth,Mapcarta (Pikin Slee) / MZ news,yes
222,Gran Slee,Akwaukondre,,,Saramaka,,Suriname,Upper Suriname River,Boven Suriname,3.9,-56.060,medium,active,,Village cluster on Upper Suriname; Bofokule and Apiapaati nearby,Wikipedia (Upper Suriname River),no
223,Gujaba,Beguba,,,Saramaka,,Suriname,Upper Suriname River,Boven Suriname,4.54,-55.660,medium,active,,Village pair on Upper Suriname list,Wikipedia (Upper Suriname River),no
224,Gunsi,,,,Saramaka,,Suriname,Upper Suriname River,Boven Suriname,4.42,-55.720,medium,active,,"Village cluster area (Gunsi, Ferulasi, Tang Luku, Anaula, Kninipaati)",Wikipedia (Upper Suriname River),no
225,Heefkun,Heikoenoenoe,,,Saramaka,Matjau,Suriname,Upper Suriname River,,,,low,active,,Saramaka Matjau clan village. Medische Zending post. Same as Heikoenoenoe in Wikipedia.,Les Premiers Temps map p.37 (Price),unknown
226,Heikoenoenoe,Heikununu,Heikoenenoe,,Saramaka,,Suriname,Upper Suriname River,Boven Suriname,4.05,-56.050,medium,active,,Medical post; village / rapid on Upper Suriname,Wikipedia (Upper Suriname River),yes
227,Isadou,,,,Saramaka,,Suriname,Upper Suriname River,Boven Suriname,4.6,-55.610,medium,active,,Village on Upper Suriname River; listed near Jawjaw,Wikipedia (Upper Suriname River),no
228,Jaw Jaw,Jawjaw,,,Saramaka,,Suriname,Upper Suriname River,Boven Suriname,4.424041,-55.373906,high,active,,Saramaka village on Upper Suriname River; MZ clinic confirmed; named in MZ ENT screening report (2016) alongside Goejaba Soekoenale Pokigron Duatra served by Ladoani clinic; GPS verified by Google Earth,Wikipedia (Medische Zending) / MZ news,yes
229,Kaajapati,,,,Saramaka,,Suriname,Upper Suriname River,Boven Suriname,4.5,-55.710,medium,active,,Village on Upper Suriname; Salubanga listed nearby,Wikipedia (Upper Suriname River),no
230,Kadawai,,,,Saramaka,,Suriname,Upper Suriname River,,,,low,active,,"Saramaka village, Upper Suriname River.",Les Premiers Temps map p.37 (Price),unknown
231,Kadjoe,,,,Saramaka,,Suriname,Lower Suriname River / reservoir,Brownsweg,5.016,-55.172,low,active,,Saramaka village near Brownsweg; 11 basjas; Planbureau 2013,Planbureau Suriname Table 3 Brokopondo 2013,no
232,Kajana,Cajana,Cayana,Kayana,Saramaka,,Suriname,Gran Rio (Upper Suriname headwater),Boven Suriname,3.901,-55.573,high,active,,Saramaka village on Gran Rio; population ~200; first-aid medical centre; primary school; kindergarten; Radio Thijs radio station; served by Cayana Airstrip; residents call themselves Kadosi-nengre after plantation Cardoso,Wikipedia (Kajana) — GPS: 3.90056°N 55.57250°W,yes
233,Kambaloa,Kambaloea,,,Saramaka,,Suriname,Upper Suriname River,Boven Suriname,4.205959,-55.434172,high,active,,Saramaka village with MZ health post on Upper Suriname River; no individual Wikipedia article; confirmed by MZ clinic list; GPS verified by Google Earth,Wikipedia (Medische Zending) — MZ map,yes
234,Kambalua,,,,Saramaka,,Suriname,Upper Suriname River,,4.378,-55.752,medium,active,,Between Botopasi and Jawjaw; confirmed by travel account and Medische Zending,VSG map / Rainforest Warriors (Price 2011) — coordinate estimated,unknown
235,Kampu,,,,Saramaka,,Suriname,Upper Suriname River,Boven Suriname,3.83,-56.100,medium,active,,Village on Upper Suriname list,Wikipedia (Upper Suriname River),no
236,Karmel,,,,Saramaka,,Suriname,Upper Suriname River,Boven Suriname,3.850,-55.650,medium,active,,Saramaka village with MZ health post on Upper Suriname River; no individual Wikipedia article; confirmed by MZ clinic list,Wikipedia (Medische Zending) — MZ map,yes
237,Kayaiia,,,,Saramaka,,Suriname,Gran Rio (Langu area),,,,low,active,,Saramaka village in Langu/Gran Rio area.,Les Premiers Temps map p.37 (Price),unknown
238,Koemboe,,,,Saramaka,,Suriname,Gran Rio / Upper Suriname River,Boven Suriname,4.131437,-55.436576,high,active,,Saramaka village on Gran Rio south of Malobi; GPS verified by Google Earth,Google Earth KML — kwierenga,no
239,Koonoo,,,,Saramaka,,Suriname,Upper Suriname River,,4.365,-55.758,low,active,,Near Kambalua; Wikipedia Upper Suriname list,VSG map / Rainforest Warriors (Price 2011) — coordinate estimated,unknown
240,Kumbasula,,,,Saramaka,,Suriname,Upper Suriname River,Boven Suriname,3.84,-56.090,medium,active,,Village on Upper Suriname River list,Wikipedia (Upper Suriname River),no
241,Laduani,Ladoani,,,Saramaka,,Suriname,Upper Suriname River,Boven Suriname,4.69,-55.545,high,active,,Small village adjacent to Aurora; location of Aurora health centre and Laduani Airstrip; medical post,Wikipedia (Aurora Suriname) / Boven Suriname,yes
242,Langu,,,,Saramaka,,Suriname,Upper Suriname River,Boven Suriname,3.96,-56.060,medium,active,,Village on Upper Suriname River list,Wikipedia (Upper Suriname River),no
243,Latanti,,,,Saramaka,,Suriname,Upper Suriname River,,4.285,-55.850,low,active,,"Saramaka village, Upper Suriname River. | VSG coord estimate: Price map p.37; between Dan and Botopasi",Les Premiers Temps map p.37 (Price),unknown
244,Lespansi,,,,Saramaka,,Suriname,Upper Suriname River,Boven Suriname,4.55,-55.660,medium,active,,Village on Upper Suriname River list,Wikipedia (Upper Suriname River),no
245,Ligorio,,,,Saramaka,,Suriname,Gran Rio (Langu area),,3.978,-56.070,low,active,,Price map p.37 Langu area inset,VSG map / Rainforest Warriors (Price 2011) — coordinate estimated,unknown
246,Makambi,,,,Saramaka,,Suriname,Lower Suriname River / reservoir,Brownsweg,5.024,-55.166,low,active,,Saramaka village near Brownsweg; 8 basjas; Planbureau 2013,Planbureau Suriname Table 3 Brokopondo 2013,no
247,Malrosee,,,,Saramaka,,Suriname,Upper Suriname River,Boven Suriname,4.400516,-55.367780,high,active,,Saramaka village on Upper Suriname River; GPS verified by Google Earth,Google Earth KML — kwierenga,no
248,Masabiiki,Masiakriki,,,Saramaka,Abaisa,Suriname,Upper Suriname River,,,,low,active,,"Saramaka Abaisa clan village, Upper Suriname River. Likely = Masiakriki in Wikipedia list.",Les Premiers Temps map p.37 (Price),unknown
249,Masiakriki,,,,Saramaka,,Suriname,Upper Suriname River,,4.392,-55.742,low,active,,Between Jawjaw and Gunsi; Wikipedia list; = Masabiiki on Price map p.37,VSG map / Rainforest Warriors (Price 2011) — coordinate estimated,unknown
250,Moitoii,,,,Saramaka,,Suriname,Gran Rio (Langu area),,3.968,-56.072,low,active,,Price map p.37 Langu area inset; near Langu and Begoon,VSG map / Rainforest Warriors (Price 2011) — coordinate estimated,unknown
251,Nieuw Aurora,,,,Saramaka,,Suriname,Upper Suriname River,Boven Suriname,4.695,-55.542,high,active,,Extension of Aurora; school achieved 100% graduation rate 2017; part of Aurora twin-village cluster,Wikipedia (Aurora Suriname),no
252,Nieuw Ganze,Nieuw Ganzee,,,Saramaka,,Suriname,Lower Suriname River / reservoir,Brownsweg,5.008,-55.176,medium,active,,Post-dam Saramaka resettlement village near Brownsweg; large EBG school named Ds. R.M. Schmidt (23 teachers 434 pupils) — biggest school in Brownsweg resort; distinct from submerged Ganzee (1964) and from Ganze settlement already listed; Planbureau 2013,Planbureau Suriname Table 4 Brokopondo 2013,no
253,Njun Aurora,,,,Saramaka,,Suriname,Upper Suriname River,Boven Suriname,,,low,active,,Saramaka village; Boven Suriname resort; Planbureau 2013; school: EBGS J.Arabie; electricity; piped water; sports facility; bestuursopzichter present; church: EBGS,Planbureau Suriname Table 3.3 Sipaliwini 2013,no
254,Njun kondre,,,,Saramaka,,Suriname,Upper Suriname River,Boven Suriname,,,low,active,,Saramaka village; Boven Suriname resort; Planbureau 2013; electricity,Planbureau Suriname Table 3.3 Sipaliwini 2013,no
255,Padalafanti,,,,Saramaka,,Suriname,Upper Suriname River,Boven Suriname,4.22,-55.940,medium,active,,Village on Upper Suriname River list; Umansanti listed nearby,Wikipedia (Upper Suriname River),no
256,Palubase,Palulubasu,,,Saramaka,,Suriname,Gran Rio,,,,low,active,,Saramaka village on Gran Rio. Likely = Palulubasu in current CSV (no coords).,Les Premiers Temps map p.37 (Price),unknown
257,Palulubasu,,,,Saramaka,,Suriname,Upper Suriname River,Boven Suriname,,,low,active,,Saramaka village; Boven Suriname resort; Planbureau 2013; electricity,Planbureau Suriname Table 3.3 Sipaliwini 2013,no
258,Pamboko,,,,Saramaka,,Suriname,Upper Suriname River,Boven Suriname,,,low,active,,Saramaka village; Boven Suriname resort; Planbureau 2013; school: RKBO Ptr.Voorbraak; electricity; piped water; church: RK,Planbureau Suriname Table 3.3 Sipaliwini 2013,no
259,Pempe,,,,Saramaka,,Suriname,Gran Rio,,4.120,-56.020,low,active,,Saramaka village on Gran Rio. Woman Waifolo from Pempe composed the famous dam-lament song (Price 2025). | VSG coord estimate: Price map p.37 Gran Rio; near Semoisi. Woman Waifolo from Pempe composed the lament song (Price 2025),Les Premiers Temps map p.37 (Price),unknown
260,Penpen,,,,Saramaka,,Suriname,Upper Suriname River,Boven Suriname,,,low,active,,Saramaka village; Boven Suriname resort; Planbureau 2013,Planbureau Suriname Table 3.3 Sipaliwini 2013,no
261,Pikin Slee,Pikienslee,,,Saramaka,,Suriname,Upper Suriname River,Boven Suriname,4.254652,-55.443449,high,active,,Second largest Saramaka village (~3000-4000 people); home of Saamaka Maroon Museum (founded 14 Nov 2011); Winti religion observed; Totomboti woodcarving foundation; site of grand council meetings; eco-resort Pasensie; Rastafari woodcarvers; GPS verified by Google Earth,Wikipedia (Pikin Slee) / multiple,no
262,Pikinpada,,,,Saramaka,,Suriname,Upper Suriname River (lower),Boven Suriname,4.78,-55.500,medium,active,,Village near reservoir / lower upper Suriname,Wikipedia (Upper Suriname River),no
263,Pingpe,,,,Saramaka,,Suriname,Upper Suriname River,Boven Suriname,4.02,-56.040,medium,active,,Village on Upper Suriname; Mambijai and Daume listed nearby,Wikipedia (Upper Suriname River),no
264,Pitasei,,,,Saramaka,Dombi,Suriname,Upper Suriname River,,,,low,active,,"Saramaka Dombi clan village, Upper Suriname River.",Les Premiers Temps map p.37 (Price),unknown
265,Pokigron,,,,Saramaka,,Suriname,Upper Suriname River (northern end),Boven Suriname,4.49151,-55.3661,high,active,,Main village at southern end of paved road (via Brownsweg / Avobakaweg); gateway to Upper Suriname River villages; MZ health post confirmed; all villages south of Pokigron boat-access only; GPS verified by Google Earth,Wikipedia (Boven Suriname / Pikin Slee),yes
266,Polugoon,Poloogoon,,,Saramaka,Uwembi,Suriname,Upper Suriname River,,,,low,active,,Saramaka Uwembi clan village on Upper Suriname River above reservoir.,Les Premiers Temps map p.37 (Price),unknown
267,Rendakonde,,,,Saramaka,,Suriname,Gran Rio,,4.045,-55.582,low,active,,Saramaka village on Gran Rio. | VSG coord estimate: Price map p.37 Gran Rio,Les Premiers Temps map p.37 (Price),unknown
268,Salubanga,,,,Saramaka,,Suriname,Upper Suriname River,,4.485,-55.713,low,active,,Position estimated near Kaajapati from Wikipedia list and VSG map,VSG map / Rainforest Warriors (Price 2011) — coordinate estimated,unknown
269,Saramaka quarter Kourou,,,,Saramaka,,French Guiana,Coastal FG — Kourou,Kourou commune,5.167,-52.636,high,active,,Saramaka neighbourhood of Kourou; Saramaka arrived 1967 to build Guiana Space Centre; shanty town became integrated neighbourhood; ~300 houses rebuilt 1991; main language is Sranan Tongo not French; significant community of Saramaka diaspora,Wikipedia (Saramaka French Guiana),no
270,Saubasi,,,,Saramaka,,Suriname,Gran Rio,,4.088,-55.573,low,active,,Saramaka village on Gran Rio. | VSG coord estimate: Price map p.37 Gran Rio,Les Premiers Temps map p.37 (Price),unknown
271,Semoisi,Semoisie,,,Saramaka,,Suriname,Upper Suriname River,Boven Suriname,4.1,-56.000,medium,active,,Medical post; village on Upper Suriname,Wikipedia (Upper Suriname River),no
272,Shindoopo,,,,Saramaka,Matjau,Suriname,Gran Rio,,3.720,-56.140,low,active,,"Saramaka Matjau clan village on Gran Rio. | VSG coord estimate: Price map p.37 Gran Rio, Matjau clan",Les Premiers Temps map p.37 (Price),unknown
273,Soekoenale,Sukunale,,,Saramaka,,Suriname,Upper Suriname River,Boven Suriname,4.600,-55.520,medium,active,,Saramaka village with MZ health post; named in MZ ENT screening report (2016) alongside Goejaba Jaw Jaw Pokigron Duatra as villages served by Ladoani clinic; confirmed by MZ clinic list,Wikipedia (Medische Zending) / MZ news article,yes
274,Solan,,,,Saramaka,,Suriname,Upper Suriname River,Boven Suriname,4.035132,-55.4587,high,active,,Saramaka village; Boven Suriname resort; Planbureau 2013; GPS verified by Google Earth,Planbureau Suriname Table 3.3 Sipaliwini 2013,no
275,Soolan,,,,Saramaka,,Suriname,Upper Suriname River / Gran Rio source,Boven Suriname,3.8,-56.220,medium,active,,Near Goddo and Djumu at source of Upper Suriname,Wikipedia (Upper Suriname River),no
276,Stonhuku,,,,Saramaka,,Suriname,Upper Suriname River (Gran Rio area),Boven Suriname,3.76,-56.110,medium,active,,Village in Gran Rio / upper area on Upper Suriname list,Wikipedia (Upper Suriname River),no
277,Stonuku,,,,Saramaka,,Suriname,Upper Suriname River,Boven Suriname,3.888591,-55.571976,high,active,,Saramaka village; Boven Suriname resort; Planbureau 2013; GPS verified by Google Earth,Planbureau Suriname Table 3.3 Sipaliwini 2013,no
278,Tauyau,,,,Saramaka,,Suriname,Upper Suriname River,,,,low,active,,"Saramaka village, Upper Suriname River.",Les Premiers Temps map p.37 (Price),unknown
279,Tjali kondre,,,,Saramaka,,Suriname,Upper Suriname River,Boven Suriname,,,low,active,,Saramaka village; Boven Suriname resort; Planbureau 2013; electricity; piped water; church: VE,Planbureau Suriname Table 3.3 Sipaliwini 2013,no
280,Toni,,,,Saramaka,,Suriname,Upper Suriname River (rapid/village),Boven Suriname,4.72,-55.530,low,active,,Rapid named after nearby village on Upper Suriname,Wikipedia (Upper Suriname River),no
281,Tumaripa,,,,Saramaka,,Suriname,Upper Suriname River,Boven Suriname,4.120507,-55.446337,high,active,,Village on Upper Suriname River list; GPS verified by Google Earth,Wikipedia (Upper Suriname River),no
282,Turntipa,Tumaripa,,,Saramaka,Matjau,Suriname,Upper Suriname River,,,,low,active,,Saramaka Matjau clan village. Likely = Tumaripa in Wikipedia list.,Les Premiers Temps map p.37 (Price),unknown
283,Tutubuka,,,,Saramaka,Abaisa?,Suriname,Upper Suriname River,,,,low,active,,"Saramaka village, Upper Suriname River.",Les Premiers Temps map p.37 (Price),unknown
284,Tybibledi,,,,Saramaka,Abaisa,Suriname,Upper Suriname River,,,,low,active,,"Saramaka Abaisa clan village, Upper Suriname River.",Les Premiers Temps map p.37 (Price),unknown
285,Dyvuumu Mission,Duivenmeer Mission,,,Saramaka / Mission,,Suriname,Gran Rio,,,,low,active,,Mission station on Gran Rio.,Les Premiers Temps map p.37 (Price),unknown
286,Afobaka,,,,Saramaka / Ndyuka,,Suriname,Suriname River (Afobaka Dam),Brownsweg,4.993,-55.094,high,active,,Town at Afobaka Dam; MZ health centre confirmed; GLO school (OS) 5 teachers 60 pupils; gateway to Brokopondo Reservoir; mixed Saramaka and Ndyuka population displaced by dam construction 1964; Planbureau 2013; airstrip: Afobakka (private),Planbureau Suriname Table 4 Brokopondo 2013 / MZ list,yes
287,Brownsweg,,,,Saramaka / mixed,,Suriname,Lower Suriname River / Brokopondo road,Brownsweg,5.003,-55.175,high,active,,Town at end of paved Afobaka road; gateway to Brokopondo Reservoir and Brownsberg Nature Park; mainly Saramaka transmigration population; MZ health post; road access to Pokigron via Avobakaweg; MZ poli confirmed; patient base ~4170; 1 GZA; 7 assistants; ambulance present; pharmacy,Wikipedia (Boven Suriname / Pokigron),yes
288,Santigron,,,,Saramaka / mixed,,Suriname,Saramacca River (lower / near Paramaribo),Wanica/Lelydorp,5.72,-55.460,high,active,,"Maroon village 30km from Paramaribo on Saramacca River; mixed Ndyuka, Saramaka and Matawai; ~1750 residents; tourist destination",Wikipedia (Santigron),no
289,Kawemhakan,Anapaikë,,,Wayana (Indigenous),,Suriname,Lawa River,Tapanahony,3.411659,-54.026776,high,active,,[NON-MAROON — Indigenous settlement included for geographic context] Wayana (Amerindian — not Maroon) village on Lawa River; former name Anapaikë; MZ clinic taken over from Baptist missionaries 1968; Lawa Anapaike Airstrip; school; telecom tower since 2016; 4.5km downstream of Kulumuli/Taluwen; closest village to Élahé FG across river; included here as MZ health post location for completeness; GPS verified by Google Earth,Wikipedia (Kawemhakan),yes
290,Talhuwen,,,,Wayana (Indigenous),,French Guiana,Lawa River / French Guiana,French Guiana,3.381607,-54.049214,high,active,,[NON-MAROON — Indigenous settlement included for geographic context] Wayana (Indigenous) village; GPS verified by Google Earth,Google Earth KML — kwierenga,no
291,Akaati,,,,Paramaka,,Suriname,Marowijne River,Paramacca,4.37,-54.450,low,possibly_abandoned,Possibly abandoned or low population; most residents relocated,Small/possibly uninhabited; most residents moved to mainland road,Schalkwijk / Pamaka history paper,no
292,Pikintabiki,,,,Paramaka,,Suriname,Marowijne River,Paramacca,4.36,-54.460,low,possibly_abandoned,Possibly abandoned or low population; most residents relocated,Small/possibly uninhabited; most residents moved to mainland,Schalkwijk / Pamaka history paper,no
293,Baikoetoe,Baikutu,,,Ndyuka,,Suriname,Suriname River reservoir (Sarakreek),Sarakreek,5.045,-55.025,low,transmigration_post_dam,Transmigration village built post-1964 dam to resettle displaced communities,Ndyuka transmigration village; Sarakreek resort; 4 basjas; Planbureau 2013,Planbureau Suriname Table 3 Brokopondo 2013,no
294,Bakoe,,,,Ndyuka,,Suriname,Suriname River reservoir (Sarakreek),Sarakreek,5.048,-55.022,low,transmigration_post_dam,Transmigration village built post-1964 dam to resettle displaced communities,Ndyuka transmigration village; Sarakreek resort; near Lebidoti; 5 basjas; Planbureau 2013,Planbureau Suriname Table 3 Brokopondo 2013,no
295,Banavookonde,,,,Ndyuka,,Suriname,Suriname River reservoir (Sarakreek),Sarakreek,5.042,-55.028,low,transmigration_post_dam,Transmigration village built post-1964 dam to resettle displaced communities,Ndyuka transmigration village; Sarakreek resort; 4 basjas; Planbureau 2013,Planbureau Suriname Table 3 Brokopondo 2013,no
296,Bekiokonde,,,,Ndyuka,,Suriname,Suriname River reservoir (Sarakreek),Sarakreek,5.052,-55.018,low,transmigration_post_dam,Transmigration village built post-1964 dam to resettle displaced communities,Ndyuka transmigration village; Sarakreek resort; 4 basjas; Planbureau 2013,Planbureau Suriname Table 3 Brokopondo 2013,no
297,Duwatra,,,,Ndyuka,,Suriname,Suriname River reservoir (Sarakreek),Sarakreek,5.038,-55.032,low,transmigration_post_dam,Transmigration village built post-1964 dam to resettle displaced communities,Ndyuka transmigration village; Sarakreek resort; 4 basjas; Planbureau 2013; also named in MZ ENT screening report; MZ poli confirmed; patient base ~660; 1 GZA; pharmacy,Planbureau Suriname Table 3 Brokopondo 2013,yes
298,Lebidotie,Lebidoti,,,Ndyuka,,Suriname,Suriname River (lower reservoir),Sarakreek,5.040,-55.030,high,transmigration_post_dam,Transmigration village built post-1964 dam to resettle displaced communities,Ndyuka transmigration village; pop. ~1000; relocated when Brokopondo Reservoir created 1964; two nearby villages Bakoe and Pitean; Sarakreek resort; MZ poli confirmed; patient base ~1630; 1 GZA; 1 assistants; pharmacy,Wikipedia (Lebidoti),yes
299,Nieuw-Koffiekamp,Nieuw Koffiekamp,,,Ndyuka,,Suriname,Suriname River (lower reservoir area),Sarakreek,5.060,-55.020,high,transmigration_post_dam,Transmigration village built post-1964 dam to resettle displaced communities,Transmigration Ndyuka village founded 1964 after flooding of Koffiekamp by Brokopondo Reservoir; original Koffiekamp was federation of 3 Ndyuka settlements (Maipa-ondo of Misidjan lo 1793; Baka Mbuju Njanfai lo; Maria Hartmann mission 1851); pop. ~300-500; school; medical centre; electricity grid access; road connected; economy based on gold mining (Rosebel/Roma Pit area); MZ poli confirmed; patient base ~437; 1 GZA,Wikipedia (Nieuw-Koffiekamp),yes
300,Pisjan,,,,Ndyuka,,Suriname,Suriname River reservoir (Sarakreek),Sarakreek,5.055,-55.015,low,transmigration_post_dam,Transmigration village built post-1964 dam to resettle displaced communities,Ndyuka transmigration village; Sarakreek resort; 4 basjas; Planbureau 2013,Planbureau Suriname Table 3 Brokopondo 2013,no
301,Tapoeripa,,,,Ndyuka / Saramaka,,Suriname,Suriname River (reservoir transition zone),Brokopondo / Sarakreek,5.080,-55.040,medium,transmigration_post_dam,Transmigration village built post-1964 dam to resettle displaced communities,Interior village with MZ health post in Brokopondo-Sarakreek zone; likely Ndyuka or Saramaka transmigration village; no individual Wikipedia article; confirmed by MZ clinic list,Wikipedia (Medische Zending) — MZ map,yes
302,Asigron,,,,Saramaka,,Suriname,Suriname River reservoir (lower),Centrum,5.06,-55.030,low,transmigration_post_dam,Transmigration village built post-1964 dam to resettle displaced communities,Saramaka transmigration village; Centrum resort Brokopondo; Planbureau 2013,Planbureau Suriname Table 3 Brokopondo 2013,no
303,Boslanti (Saramaka),Boslanti,,,Saramaka,,Suriname,Suriname River reservoir (lower),Centrum,5.05,-55.040,low,transmigration_post_dam,Transmigration village built post-1964 dam to resettle displaced communities,Saramaka transmigration village; Centrum resort Brokopondo; Planbureau 2013,Planbureau Suriname Table 3 Brokopondo 2013,no
304,Drepada,,,,Saramaka,,Suriname,Suriname River reservoir (lower),Centrum,5.04,-55.050,low,transmigration_post_dam,Transmigration village built post-1964 dam to resettle displaced communities,Saramaka transmigration village; Centrum resort Brokopondo; Planbureau 2013; mentioned in context of Saramaka logging complaints (Adjako of Kayapaati/Drepada area),Planbureau Suriname Table 3 Brokopondo 2013,no
305,Kapasikélé,Kapasikelé,Kapasikelé,,Saramaka,,Suriname,Suriname River reservoir (lower),Klaaskreek,5.078,-55.015,low,transmigration_post_dam,Transmigration village built post-1964 dam to resettle displaced communities,Saramaka transmigration village in Klaaskreek resort; 4 kapiteins 1 basja; Planbureau 2013,Planbureau Suriname Table 3 Brokopondo 2013,no
306,Klaaskreek,,,,Saramaka,,Suriname,Suriname River reservoir (lower),Klaaskreek,5.180674,-55.078264,high,transmigration_post_dam,Transmigration village built post-1964 dam to resettle displaced communities,Saramaka transmigration village; main village of Klaaskreek resort; 12 kapiteins 3 basjas; MZ health post; Planbureau 2013; MZ poli confirmed; patient base ~1700; 1 GZA; 3 assistants; pharmacy; GPS verified by Google Earth,Planbureau Suriname Table 3 Brokopondo 2013,yes
307,Mujékiki,Mujekiki,,,Saramaka,,Suriname,Suriname River reservoir (lower),Klaaskreek,5.075,-55.010,low,transmigration_post_dam,Transmigration village built post-1964 dam to resettle displaced communities,Saramaka transmigration village in Klaaskreek resort; 4 kapiteins 1 basja; Planbureau 2013,Planbureau Suriname Table 3 Brokopondo 2013,no
308,Nieuw-Lombe,Nieuw Lombe,Nyun-Lombe,,Saramaka,,Suriname,Suriname River (lower reservoir),Klaaskreek,5.070,-55.000,high,transmigration_post_dam,Transmigration village built post-1964 dam to resettle displaced communities,Saramaka transmigration village in Brokopondo District; Dutch name Nieuw Lombe; Saramaccan name Nyun-Lombe; located opposite Suriname River near Klaaskreek and former plantation Baboenhol in Beneden-Stuwmeergebied (lower reservoir area); no running water since 2012 per local reports; school,Wikipedia (Nieuw-Lombe Dutch),yes
309,Njun Lombe,Nieuw Lombe,Nyun-Lombe,,Saramaka,,Suriname,Suriname River reservoir (lower),Klaaskreek,5.07,-55.000,high,transmigration_post_dam,Transmigration village built post-1964 dam to resettle displaced communities,Saramaka transmigration village; 9 kapiteins 2 basjas; no running water since 2012; Planbureau 2013 confirms settlement; alternate primary name used in Planbureau source; MZ poli confirmed; patient base ~905; 1 GZA; 2 assistants; pharmacy,Planbureau Suriname Table 3 Brokopondo 2013,yes
310,Wakibasoe 1,Wakibasoe,,,Saramaka,,Suriname,Lower Suriname River / Brokopondo area,Brownsweg,5.01,-55.180,low,transmigration_post_dam,Transmigration village built post-1964 dam to resettle displaced communities,Saramaka transmigration village; one of three Wakibasoe settlements near Brownsweg; 4 basjas; Planbureau 2013; confirmed as separate village by Wikipedia (Brownsweg article),Planbureau Suriname Table 3 Brokopondo 2013,no
311,Wakibasoe 2,Wakibasoe,,,Saramaka,,Suriname,Lower Suriname River / Brokopondo area,Brownsweg,5.012,-55.182,low,transmigration_post_dam,Transmigration village built post-1964 dam to resettle displaced communities,Saramaka transmigration village; one of three Wakibasoe settlements; 9 basjas; Planbureau 2013; confirmed as separate village by Wikipedia (Brownsweg article),Planbureau Suriname Table 3 Brokopondo 2013,no
312,Wakibasoe 3,Wakibasoe,,,Saramaka,,Suriname,Lower Suriname River / Brokopondo area,Brownsweg,5.014,-55.184,low,transmigration_post_dam,Transmigration village built post-1964 dam to resettle displaced communities,Saramaka transmigration village; one of three Wakibasoe settlements; 9 basjas; Planbureau 2013; confirmed as separate village by Wikipedia (Brownsweg article),Planbureau Suriname Table 3 Brokopondo 2013,no
313,Bitagron,Bitagro,,,Kwinti,,Suriname,Coppename River,Boven Coppename,4.52,-56.790,high,partially_destroyed_interior_war,Partially destroyed during Interior War 1986–1992; subsequently rebuilt,Kwinti granman residence; historically important; partially destroyed 1987 civil war; rebuilt post-war,Wikipedia (Kwinti) / French source,yes
314,Kaaimanston,,,,Kwinti,,Suriname,Coppename River,Boven Coppename,5.140,-56.090,medium,partially_destroyed_interior_war,Partially destroyed during Interior War 1986–1992; subsequently rebuilt,Kwinti village near Witagron on Coppename River; sister village to Witagron; partially destroyed during 1987 Interior War fighting with Jungle Commando; Donderskamp Airstrip serves both villages,Wikipedia (Kwinti people),yes
315,Moiwana,,,,Ndyuka,,Suriname,Cottica / Marowijne coastal area,Marowijne,5.43,-54.040,high,abandoned_interior_war,Abandoned/destroyed during Interior War 1986–1992,Site of 1986 massacre; historic Ndyuka village; monument established 2007. Near Albina on E-W road,Wikipedia / dark-tourism.com,no
316,Kapas Ikee,,,,Kwinti,,Suriname,Sara Creek / Brokopondo Reservoir,Brokopondo Reservoir,,,none,submerged_1964,"Submerged by Brokopondo Reservoir (Afobaka Dam), 1964. Source: Price (2025) and Les Premiers Temps maps.",Kwinti village on Sara Creek. Submerged 1964.,Les Premiers Temps map p.36,no
317,Alasabaka,,,,Ndyuka,,Suriname,Sara Creek / Brokopondo Reservoir,Brokopondo Reservoir,,,none,submerged_1964,"Submerged by Brokopondo Reservoir (Afobaka Dam), 1964. Source: Price (2025) and Les Premiers Temps maps.",Ndyuka Sara Creek village. Submerged 1964.,Les Premiers Temps map p.36,no
318,Bilonkonde,,,,Ndyuka,,Suriname,Sara Creek / Brokopondo Reservoir,Brokopondo Reservoir,,,none,submerged_1964,"Submerged by Brokopondo Reservoir (Afobaka Dam), 1964. Source: Price (2025) and Les Premiers Temps maps.",Ndyuka village. Submerged 1964.,Les Premiers Temps map p.36,no
319,Kiikipandasi,,,,Ndyuka,,Suriname,Sara Creek / Brokopondo Reservoir,Brokopondo Reservoir,,,none,submerged_1964,"Submerged by Brokopondo Reservoir (Afobaka Dam), 1964. Source: Price (2025) and Les Premiers Temps maps.",Ndyuka Sara Creek village; oracle directed multiple relocations as water rose. Submerged 1964.,Price 2025; Les Premiers Temps map p.36,no
320,Kofikampu,Kofikam,,,Ndyuka,,Suriname,Sara Creek / Brokopondo Reservoir,Brokopondo Reservoir,,,none,submerged_1964,"Submerged by Brokopondo Reservoir (Afobaka Dam), 1964. Source: Price (2025) and Les Premiers Temps maps.",Ndyuka village on Sara Creek; church shown tipping over as reservoir rose (photo in Price 2025). Submerged 1964.,Price 2025 (Afobaka); Les Premiers Temps map p.36,no
321,Lebidoti,,,,Ndyuka,,Suriname,Sara Creek / Brokopondo Reservoir,Brokopondo Reservoir,,,none,submerged_1964,"Submerged by Brokopondo Reservoir (Afobaka Dam), 1964. Source: Price (2025) and Les Premiers Temps maps.",Ndyuka Sara Creek village; oracle GaanTata attempted to stop the rising water. Submerged 1964.,Price 2025; Les Premiers Temps map p.36,no
322,Maipondo,,,,Ndyuka,,Suriname,Sara Creek / Brokopondo Reservoir,Brokopondo Reservoir,,,none,submerged_1964,"Submerged by Brokopondo Reservoir (Afobaka Dam), 1964. Source: Price (2025) and Les Premiers Temps maps.",Ndyuka Sara Creek village. Submerged 1964.,Les Premiers Temps map p.36,no
323,Pisiang,Pisang,,,Ndyuka,,Suriname,Sara Creek / Brokopondo Reservoir,Brokopondo Reservoir,,,none,submerged_1964,"Submerged by Brokopondo Reservoir (Afobaka Dam), 1964. Source: Price (2025) and Les Premiers Temps maps.",Ndyuka Sara Creek village. Submerged 1964.,Price 2025; Les Premiers Temps map p.36,no
324,Bedoti,,,,Saramaka,,Suriname,Suriname River / Brokopondo Reservoir,Brokopondo Reservoir,,,none,submerged_1964,"Submerged by Brokopondo Reservoir (Afobaka Dam), 1964. Source: Price (2025) and Les Premiers Temps maps.",Village of Captain Cesar Adjako. Residents moved to transmigration village Kayapaati. Submerged 1964.,Price 2025; Les Premiers Temps map p.36,no
325,Ganiakonde,Ganiakondre,,,Saramaka,,Suriname,Suriname River / Brokopondo Reservoir,Brokopondo Reservoir,,,none,submerged_1964,"Submerged by Brokopondo Reservoir (Afobaka Dam), 1964. Source: Price (2025) and Les Premiers Temps maps.",Saramaka village. Submerged 1964.,Les Premiers Temps map p.36,no
326,Ganzee,Ganze,,,Saramaka,,Suriname,Suriname River / Brokopondo Reservoir,Brokopondo Reservoir,,,none,submerged_1964,"Submerged by Brokopondo Reservoir (Afobaka Dam), 1964. Source: Price (2025) and Les Premiers Temps maps.","Largest submerged Saamaka village, ~2,000 inhabitants. Residents relocated to Nieuw Ganzee downstream.",Price 2025; Wikipedia Brokopondo Reservoir,no
327,Kaashliki,,,,Saramaka,,Suriname,Suriname River / Brokopondo Reservoir,Brokopondo Reservoir,,,none,submerged_1964,"Submerged by Brokopondo Reservoir (Afobaka Dam), 1964. Source: Price (2025) and Les Premiers Temps maps.",Saramaka village on Suriname River. Submerged 1964.,Les Premiers Temps map p.36,no
328,Koffiekamp,,,,Saramaka,,Suriname,Sara Creek (submerged),Brownsweg / Sarakreek,5.03,-55.100,low,submerged_1964,"Submerged by Brokopondo Reservoir (Afobaka Dam), 1964",Original Saramaka village submerged by Brokopondo Reservoir 1964; federation of 3 settlements (Maipa-ondo Misidjan lo 1793; Baka Mbuju Njanfai lo; Maria Hartmann mission 1851); replaced by Nieuw-Koffiekamp; 6 basjas listed in Planbureau suggesting some population remains or name persists; Planbureau 2013,Planbureau Suriname Table 3 Brokopondo 2013,no
329,Lombe,,,,Saramaka,,Suriname,Sara Creek / Brokopondo Reservoir,Brokopondo Reservoir,,,none,submerged_1964,"Submerged by Brokopondo Reservoir (Afobaka Dam), 1964. Source: Price (2025) and Les Premiers Temps maps.",Saramaka/mixed village on Sara Creek. Submerged 1964.,Les Premiers Temps map p.36,no
330,Makambikiiki,Makambikiki,,,Saramaka,,Suriname,Suriname River / Brokopondo Reservoir,Brokopondo Reservoir,,,none,submerged_1964,"Submerged by Brokopondo Reservoir (Afobaka Dam), 1964. Source: Price (2025) and Les Premiers Temps maps.","One of first two villages to flood (with Watyibasu), six months after dam closed Feb 1964.",Price 2025; Les Premiers Temps map p.36,no
331,Matyakiiki,,,,Saramaka,,Suriname,Suriname River / Brokopondo Reservoir,Brokopondo Reservoir,,,none,submerged_1964,"Submerged by Brokopondo Reservoir (Afobaka Dam), 1964. Source: Price (2025) and Les Premiers Temps maps.",Saramaka village on Suriname River. Submerged 1964.,Les Premiers Temps map p.36,no
332,Munyen enkiki,,,,Saramaka,,Suriname,Sara Creek / Brokopondo Reservoir,Brokopondo Reservoir,,,none,submerged_1964,"Submerged by Brokopondo Reservoir (Afobaka Dam), 1964. Source: Price (2025) and Les Premiers Temps maps.",Village on Sara Creek. Submerged 1964.,Les Premiers Temps map p.36,no
333,Nuylonde,Nyu Lombe,,,Saramaka,,Suriname,Suriname River / Brokopondo Reservoir,Brokopondo Reservoir,,,none,submerged_1964,"Submerged by Brokopondo Reservoir (Afobaka Dam), 1964. Source: Price (2025) and Les Premiers Temps maps.",Saramaka village. Submerged 1964. Name variant: Nyu Lombe on map p.36.,Les Premiers Temps map p.36,no
334,Nyu Kapasilee,,,,Saramaka,,Suriname,Suriname River / Brokopondo Reservoir,Brokopondo Reservoir,,,none,submerged_1964,"Submerged by Brokopondo Reservoir (Afobaka Dam), 1964. Source: Price (2025) and Les Premiers Temps maps.",Saramaka village on Suriname River. Submerged 1964.,Les Premiers Temps map p.36,no
335,Watyibasu,Matyibasu,,,Saramaka,,Suriname,Suriname River / Brokopondo Reservoir,Brokopondo Reservoir,,,none,submerged_1964,"Submerged by Brokopondo Reservoir (Afobaka Dam), 1964. Source: Price (2025) and Les Premiers Temps maps.","First village to flood alongside Makambikiiki, ~mid-1964.",Price 2025,no
